key,source,target
/634AF7A84C2E432314061F8335F84B5D,"
…and our families for putting up with way too many 12-hour-plus workdays.","
…and our families for putting up with way too many 12-hour-plus workdays."
/85DFA4A54BCA61A32528C895131917F5, + , + 
/28CAA4A9488B51A177747299EF5D69AA, - , - 
/4816F46245764FFD8D85A694C22C6489, AFTER {NumRounds} ROUND{S},在{NumRounds}局之后{S}
/270B97024C4E5D2AD8E08694CD86FA02, Failed to create the pending net game for travel.,创建待定网络（传输游戏内容）失败
/0B3A50E84F26C40BE6E7C9A9331505E1, {hour}:{min}:{sec}, {hour}:{min}:{sec}
/BE129FF3477CDAD37C2CF9B07C1509DA, {hour}:{min}:{sec}, {hour}:{min}:{sec}
/D513896445F95CDF5880CC9074625E33, {hour}:{min}:{sec}, {hour}:{min}:{sec}
/0D0415DA4C1A7B1CDB5EACAAB5358D49, {min} : {sec}, {min} : {sec}
/206CB347443D8F1D8318EFA792449C84, {min}:{sec}, {min}:{sec}
/5AEAD1E6486F57893B4B77903F5A73E5, {min}:{sec}, {min}:{sec}
/4C48B56942D51630700F6494B4E77853,"""My Custom {0}""",'我的自定义{0}'
/7239143348E6DC77EB20D7A4A650E6FF,"""My Custom {0}""",'我的自定义{0}'
/6822CC634A8526BDDA8074BB67710228,"""{0} 2.0""",'{0} 2.0'
/216A0D294F1886761C6C7DB6644B8646,"""{0} Custom""",'{0} 自定义'
/52D1568143E1A512E90E4FB60279A290,"""{0} Custom""",'{0} 自定义'
/0307E20F48FA9B6EF867078F429514EF,"""{PatchName}"" by {Author}",'{PatchName}'' 由 {Author} 制作
/7683D4964BF0F34CD38DB3BB11EFBD7D,"""{PatchName}"" by {Author}",'{PatchName}'' 由 {Author} 制作
/FEC4438E49AE09C9680C7184EE698F64,#,#
/262465014101C11B9443A1858A44460A,%,%
/6A305D264212D1890D4E9C88E3BCA57C,%,%
/B90A46BF442C9B5E08944A88347C16CC,%,%
/EFCAEB3045E0973189F349B53D4CC377,%,%
/4B5B7F98405EFB32411177947A5A74B8,'s IR LASER function,的红外/激光功能
/6224902D49F0DEDABE752487504633FB,( EMPTY ),(空)
/38F13CD44BE0DB7E3D496FA74CE75F2C,(Below horizon),(地平线下)
/33BA10974E05C580A645F8AAEF3972D1,"(Name=,Material=None,Icon=None)","(Name=,Material=None,Icon=None)"
/897D65164CEA5C0504FDD3AA0087581B,(Selection of missions is restricted by server settings),(选定的任务根据服务器规则已禁用)
/F9810C7C4A58B6CEB45E57AD6083FFF9,(UNSET),(未设置)
/61DC79934D4679D66C5999BED48FFA04,(YOUR TEAM),(你的阵营)
/C3FCFD7B4936CA6EDEEEBCABBAF16596,(YOUR TEAM),(你的阵营)
/DA69DF4445DC2B048A8EDBAAA18A990F,(YOUR TEAM),(你的阵营)
/AA583E9C491E1732E03F7EABF8A86FFB,(below horizon),(地平线以下)
/69FC3EB14A06B0D7F9DD559498EA5AD3,(no scores awarded),(没有奖励分数)
/F20CED004ACC5D4CCBB4D6BAB3583131,(no scores awarded),(没有奖励分数)
/7B0088DE4C237F8116F898B3358E408C,({TeamName}),({TeamName})
/66AE4AFE4FDF20135DE0F684BFE824FE,*website*,*website*
/0E4BE8AD445E89F7E5331EAACF845C3E,+,+
/0F7E8D6D421705F3BD37FC9EE47F93CB,+,+
/15E0F6AD43385239BBF59285D4C4CD23,+,+
/2A84BD404305D868ED32A9876DC15795,+,+
/3B8A7E294A0936DF89268EA271996B1D,+,+
/64C2C54F4275328AA757ABBFA82531F9,+,+
/6F2D620A476D2889DD12449862D592EB,+,+
/BC2E3E9F41046BAAAE5215AE0DDE52DB,+,+
/C62CDE0C4537DE3E9A8F5E9736E997DC,+,+
/C715B56A42463FB0F53A779F446D310A,+,+
/CC2044AC4880534E2E851781559A37ED,+,+
/EAB0BE7844AF24F5B187B289509B9BE5,+,+
/F4813CD0404E1E54710FCC9EE9668F2C,+,+
/B20C928A4F440016C39768ABE1C1A925,+4,+4
/F259F05444D96E5BF78EA68A188E8B0B,+Att1 +Att2 +Att3,+Att1 +Att2 +Att3
/48DF663F4D553E7AC1B7FD80775E7081,+{MapName},+{MapName}
/237F47844E55D764AD5A44A31EF596CB,-,-
/5AC622FA47728E87E5A83DA156EFF2D3,-,-
/C9B68E094D46E521BA3A1FAC200577A8,-- : --,-- : --
/ED7F443B4CB73F1DA114E58CF1CD41C7,-- : --,-- : --
/40D7F6824D95F961EEF0E5B040D6831C,---,---
/4241444C4938859F6642419841C9E48C,---,---
/665586894EA484A0F6AAE18F858EF9A9,---,---
/6A9531264C5DE084F3918AA5D1317C2F,---,---
/7138A6BD42FF70363C760183F904123A,---,---
/74C07F8945E01A35C763C7A93945D2D4,---,---
/7937B623455B4DAC1CB59CB611E88D60,---,---
/BD2680894E59845A4EAC3D9E00EBA71D,---,---
/D7870E664BD1A543086EADB40A7A94C8,---,---
/57C697A4416DBED7BB1F60ABEF92B627,.,.
/9FC4830D412FF559A3FD07A34E95906E,.025,.025
/E0DCC96841911EB2CA87D4815B39E7E9,.45 ACP,.45 ACP
/440B46664FFFC0E21BE452A40AC9862B,.45 ACP Suppressor,.45 ACP消音器
/9806BB514FEA1B2D230321913E8699E7,.45 ACP Suppressor,.45 ACP消音器
/347BED7C45D9AAD2B4C6588FDBBE43A7,.75,.75
/92089F6E409CD2EB6133A8851E1D4B3E,.8,.8
/04EABAF94B7B2D8C9E218CB58E5A478E,/,/
/81FA6CC04D3857DE7DC8C49E455C742B,/{ModID}/{FileName},/{ModID}/{FileName}
/052346FB41E8036826F9B09B5A549703,0,0
/27CC787943BA10F1A1B930911AB9ED09,0,0
/3EF3EEAB478465E970C835A0AE55F05C,0,0
/81564B7F43B1BB2072563398636D97F3,0,0
/B922EA3C40987CC3D797D2AFA0CCA8D2,0,0
/14B5A3FD4F2BCDBE97A05E8BD437483B,"0% — Camera is positioned BETWEEN the character's eyes.

100% — Camera is positioned at the character's RIGHT EYE.","0% - 视角位于角色双眼之间

100% — 视角位于角色右眼."
/AB2459BF40017BDC6DC95081277AF92F,0.0,0.0
/D803D8BB4A724A51D07530821FDF69C6,0.1,0.1
/6A3BD10446D59AA4FA53ECBCC50F9E55,0.2,0.2
/A0D6D6EA40DB4977FE6C75BCC259DC19,0.35,0.35
/FC9FA1D0409B40FE4A4AE7BB5DE2285F,0.4,0.4
/2624DDFA410C0A648BED11A98D44629F,0.5,0.5
/35FFC27447DAE71D92EE11A71BFAA025,0.5,0.5
/8EA42C3E438EC3088A9625A1693D2621,0.6,0.6
/9EF73845446C5D12F7012DA223D923CD,0.6,0.6
/6699D14144E52C0A7F73C4B5AF5F7035,0.8,0.8
/89FB3DB445FDB753272CCBAE7F3D2816,0/8,0/8
/670BF7924BA679EDE1447599FC13F10E,00,00
/7BB23E78454E2396611E3681848B2820,00,00
/7F4DD3B248C358F82B2EE896D81B0030,00,00
/A8517B7447E4CED98E8E05AC14CC1060,00,00
/B09277E743D42172C9A5FE84C414E524,00,00
/BC7E935440A24BDAD01E28A7D5EA390F,00,00
/C306F05C4F8D35395DD4C3BEF479BB7E,00,00
/D09A2CE84B586E2218822AA668CBBCA9,00,00
/D0E4875944F5130316E786816C254DE9,00,00
/805F47B14678A16033B85994C5CDDBB6,00 x ,00 x 
/DEBB5450479674599A3AEBBC1B60F33B,00%,00%
/FEC169094882C5022B286188DF736B79,00%,00%
/079C84B443D4CC6700939D9CB271D4E4,00/00,00/00
/6255F15045A5625F39F95BB2083BF177,000,000
/1AB5151140FDCB01F99240AD6CEE72AD,0000,0000
/2709E9214CC6E9CBC7198B8E7F5A3D61,0000,0000
/1B2DD57547297CCAD56A9AA568D8D925,00:00,00:00
/844C6A884D831CEFB6F253A4A6723C61,00:00,00:00
/88F8D31A474E210F1F2AB5A4DBC10631,00:00:00,00:00:00
/A87508DB453F8054D19641AA5FF55A4D,0300,0300
/AC994C924956CBFCE825F3A116FBA6E4,0300,0300
/FB32504D46088473F1F173AD254F5684,0300,0300
/EEA96CEA406B6A788FEF449DD59F4356,0300 hrs (GMT+3),0300时(GMT+3)
/E056612A405B4A10CA3BDBAF4D4ACD7E,0600,0600
/1ECDC3A9439BB75F97DFAC85F725BAA0,0900,0900
/3CC570EF49AE5874DA30AF971ED48245,1,1
/40D98A46449FBD502C7D2C9599A087DA,1,1
/5D1FA6734B31BB2E04D99E93F8C838B1,1,1
/65D1150B412D0CD2A7540397F55F17FD,1,1
/8B537B674C4906424A3E6BA214CB8A5E,1,1
/F9E27F0848CCE8F56E7F008A278793A7,1,1
/FC12728C4448F7E82BAE6A93DE19E7FD,1,1
/A169F10D440E61D36C35A5B3A2B51877,"1. Exit to desktop.
2. Unplug the input device.
3. Plug it back in.
4. Launch the game.","1. 退出到桌面。
2. 拔下输入设备。
3. 将其重新插入。
4. 启动游戏。"
/0564E3D441D6AE4A69E73FB7863761C7,"1. Go to Control Panel › Sound › 'Recording' tab
2. Right-click the unused input device and select 'Disable'.
3. Repeat for all unused input devices.","1. 转到控制面板 › 声音 › '录音' 选项卡
2. 右键单击未使用的输入设备，然后选择“禁用”。
3. 对所有未使用的输入设备重复上述步骤。"
/CEAD1A424C3E5AA19D71778C434E5F5F,"1. Go to Control Panel › Sound › 'Recording' tab
2. Right-click your voice input device and select 'Properties'.
3. In the 'Advanced' tab, look for the option ""Allow applications to take exclusive control of this device"". 
4. Try disabling/enabling it (i.e. if the box is checked, try unchecking it and vice versa).","1. 转到控制面板 › 声音 › '录音' 选项卡
2. 右键单击您的语音输入设备并选择“属性”。
3. 在“高级”选项卡中，找到“允许应用程序独占控制此设备”选项。 
4. 尝试禁用/启用它（即如果复选框被选中，请尝试取消选中它，反之亦然）。"
/42C795514397526F4EAA70B8245E9984,1. Make sure the voice input device you would like to use is set as default in the following locations:,1. 确保您要使用的语音输入设备在以下位置设置为默认设置：
/536D0F374EB3ABA9BC49AD8CFF75FA76,"1. Type ""Microphone Privacy Settings"" on the Windows search bar and open it.
2. Make sure Allow apps to access your microphone and Allow desktop apps to access your microphone are on.
3. If they are on, disable and enable them again.","1. 在Windows搜索栏中输入并打开“麦克风隐私设置”
2. 确保“允许应用程序访问您的麦克风”和“允许桌面应用程序访问您的麦克风”处于开启状态。
3. 如果它们已打开，请禁用并重新启用它们。"
/7B5493724ECB84D701AB99A96AE55F31,"1. Within GROUND BRANCH, go to Settings › Audio
2. Under Communications, click on Voice Input Mode and select ""Toggle"".
3. Hit APPLY.
4. Change Voice Input Mode back to ""Push To Talk (PTT)"" and hit APPLY again.","1. 在GROUND BRANCH中，转到设置 › 音频
2. 在“通信”下，单击“语音输入模式”并选择“切换”。
3. 点击应用。
4. 将语音输入模式改回“按住讲话(PTT)”，然后再次点击“应用”。"
/0B21B0D444FD1CF41E7407B61A01F356,1.0 (Default),1.0(默认)
/27A7ABA74FE94AD4094A66B4BAAC2644,1.2,1.2
/C41CD9274FDC4F5D13D2529684E8C316,1.4,1.4
/44625583440D4845E03CFE9B9B24DD99,1.5x,1.5x
/908CFF8543A0A2D4B88B56ACFBB4A6B2,1.8,1.8
/A8A61C5A44BEDB00D2D575924DDFD531,10,10
/2B0B5F764A9CFD4139BE8DBB8AD2C4C9,10.0 (Insane),10.0(疯狂)
/1CC9F12D4FB3500AB4112F9059BCD6A9,100 mlux,100 mlux
/11F5EA48439301A80CDEC1BC39F28821,100%+,100%+
/221556244063794E9F53DB9357D85A6F,11-20,11-20
/259E9970460EF7F185E968B3B5628C77,11x and above,11x及以上
/D51AF0844646A3A774B714B6CF76B5FE,12 Gauge Ammo Pouch,12号霰弹枪弹药袋
/5F6602EE4BFDD2A34D2A8F8E71D85193,1200,1200
/09F7CC03417C6FCDAA9831AF314E642A,12345,12345
/CE30D1FC43BC50C5E6376C8C0D3017F0,12345,12345
/813D4A524D48321F7F97D184F9036855,12:00,12:00
/C0A5343A41C87D8B6E9A0ABAE6C1F509,12:00,12:00
/E5A507BA4F57492A2CAEEF81779B0280,"12gauge, 00","12号霰弹枪弹药, 00"
/240714B14D8B53C956297C83947001C9,"12gauge, 00, Spent","12号霰弹枪弹药, 00, 耗尽"
/BC0876424DACDE2C3C059A95B341CF51,13,13
/65989471472AB307279E4586812EC0A1,1500,1500
/0C04655F406E7BD8246C0896AAF7086B,16,16
/7088C30C4D853CCAC5ADCE998083A230,16x,16x
/F3BD4A144467AF840E66479981195FC8,1800,1800
/A3B5CB324306299FC11022A3354B894F,1P78 Kashtan (2.8x),1P78 Kashtan (2.8x)
/CD73042B4D8EC3983A25A7AC5FBA6EF2,1x (Unmagnified),1x (无放大)
/1820AC5540D6C913E396548AA34A5D2B,2,2
/52FBD6FB4C47E612AAC627A0AA7E0517,2,2
/66C7D8DF4B5A5D5F189764975EDFC130,2,2
/A57E4A7D44DA67ABC38039A96723F21A,2,2
/A86E5C6D487DC6977ECDEEB0510AEC83,2,2
/BA9363044F15714B91FE6DA961767C21,2,2
/CC1381FF47FD72AC77E0149CFA410876,2,2
/1DA066ED48967A3E86B1489ECF3A4B0C,2 mlux,2 mlux
/85AD39774CA0F41DAD5FA087AA34B146,2. Disable unused input devices:,2. 禁用未使用的输入设备:
/AC5E53B4429AE531DAAE44979CFDED67,2.5x,2.5x
/4BE914BF4598F0EBCE3CCA8C3070798B,2018,2018
/286494E149850AA43075079DD0E70EC2,21-30,21-30
/F536ADE74C6D59BB785DB58920845212,2100,2100
/B4CAE28B470C5BFDD19E5DA69F1ED42A,23,23
/5C7C0B6245D7778E79C9E0BB8D43F617,24-Hour Military Time,24 小时制（军用时间）
/67C7B2FD4705811BF86F658EE5048342,24-Hour Military Time,24 小时制（军用时间）
/6E7A0442427ED09CBF42079F6873E92B,24-Hour Military Time,24 小时制（军用时间）
/A89034B541B8110B25F112B2EFBEEFD7,24-Hour Military Time,24 小时制（军用时间）
/DD705DB840C8BFE8485EF6B61369D83E,24-Hour Military Time,24 小时制（军用时间）
/EE952A6548E32886BABF23AC33EA32A7,24-Hour Military Time,24 小时制（军用时间）
/FCD03B674F43CABEEA23B4B1423F3DF0,24-Hour Military Time,24 小时制（军用时间）
/B85851C747D61FF9A5141E8918EA42A9,2X,2X
/C88B49D34BDA4AF939B058B96E35827C,2X,2X
/E13F6F52430FFF41B4AA63832AD8280B,2X,2X
/2088EFF44FD4FD9679304CBE44314E7B,2x,2x
/3A8FFF06488A158D89BB7185F53315DA,2x,2x
/121628EA467103B6F403DBB31B220194,3,3
/85C750AC4343013F449CDDA028166D61,3,3
/89DB361E4936749273BEB291FCFAB987,3,3
/AA4D38D447B07873AE726B870AD14E70,3,3
/B3EB4046465C65B4D6F49DB516ABE882,3,3
/B71BCFA34857CB2DBAA346970B4E2375,3,3
/33E96064487CDBE99C32868FA7384857,"3. Enable and then disable the VOIP ""Toggle"" mode in-game:",3. 启用然后禁用游戏内VOIP的“切换”模式:
/2470080C458E9AD82CF9408BE5345FB2,31,31
/0DFBFFFD4E1F28A8149818A3AA27009E,31-40,31-40
/1F20E35D457195A4A63FD4B162881656,"31.3 N, 50.1 E","31.3 N, 50.1 E"
/4362CB7E40ACB5A7B0E91FBF1B3F990A,3x to 5x,3x到5x
/1548129E408E202DAD094CB0A8C3AF1B,4,4
/7A3A1B51499190678991BCB8E1CA8F0C,4,4
/8F37F6B840A9A114929EBF9424852BD9,4,4
/C57407AA4853735F194761AEBA04462A,4,4
/077016024E6125752B5ABD9FC4D30B93,4. Change microphone privacy settings:,4. 更改麦克风隐私设置:
/D4EB2C444E452045F16EAF9FA0DAFA84,"4.6x30mm, FMJ","4.6x30mm, 全被甲弹"
/FB51E94F40C77535AB39E389A385AA31,40cal,.40口径手枪弹药
/5EA4030A41ABE45FC8E77480E2B98A4C,41-50,41-50
/CAE81096420A740ECADDAB885D72A232,4x,4x
/26C80D78460DFD88F205C7ADDF323E19,5,5
/FC58FD2140655EC4F7967B81A1A7BD69,5,5
/4E1E58E0406ECD59492E7DBC31B5803A,"5. Try disabling/enabling ""Allow applications to take exclusive control of this device"":",5. 尝试禁用/启用“允许应用程序独占控制该设备”:
/157165794103EB9DE10AB4A743C5CED3,"5.45x39mm, FMJ","5.45x39mm, 全被甲弹"
/E7DF902F48674347E4720AA7B2533DC9,"5.45x39mm, FMJ TRACER GREEN","5.45x39mm, 全被甲弹, 绿色曳光弹"
/5814EAAD4B4FA78B550B0BBB70665168,"5.45x39mm, FMJ TRACER ORANGE","5.45x39mm, 全被甲弹, 橙色曳光弹"
/8CAAEACC4ADCFFB5A4AEC39CF20490F4,"5.45x39mm, FMJ TRACER RED","5.45x39mm, 全被甲弹, 红色曳光弹"
/BD186557480B5340E632B7A275699055,"5.56x45mm, FMJ","5.56x45mm, 全被甲弹"
/02ACD6274ECCD9424B3039A6704604D9,"5.56x45mm, FMJ TRACER GREEN","5.56x45mm, 全被甲弹, 绿色曳光弹"
/0F75D6694AFDDBCC109C71B313A5CFAF,"5.56x45mm, FMJ TRACER ORANGE","5.56x45mm, 全被甲弹, 橙色曳光弹"
/C840E9BA48757E330E5A12B888CFFEB4,"5.56x45mm, FMJ TRACER RED","5.56x45mm, 全被甲弹, 红色曳光弹"
/E14B1797406754D2003D9D86E221F6E9,6,6
/C16AA89E401AF375DAA1A1806734D884,6-10,6-10
/3A57CF1147584FDAC160A9A23F639122,6x to 10x,6x到10x
/B80547264EF8B078FB9DBD87C68F0206,7,7
/F96A7D7F4E9E5B6DDDA5AA8CFF5428F7,"7.62x51mm, FMJ","7.62x51mm, 全披甲弹"
/B14D18B543E1D34137500EAD352A8C0F,"7.62x51mm, FMJ TRACER GREEN","7.62x51mm, 全被甲弹, 绿色曳光弹"
/7ECD690C46DF26F3A7ED7D99C3F8AF54,"7.62x51mm, FMJ TRACER ORANGE","7.62x51mm, 全被甲弹, 橘色曳光弹"
/4B746FBD48895E9C543F0BAF5C55C007,"7.62x51mm, FMJ TRACER RED","7.62x51mm, 全被甲弹, 红色曳光弹"
/7C228D5A49451726559674A8B16A43CC,"7.62x51mm, FMJ, Spent","7.62x51mm, 全被甲弹, 已耗尽"
/4F2EA0E6434126772E913AA40DA03A82,75,75
/F26BE0BA41EFCDA7A77C55B139CFA8FB,75,75
/963965BB433EB1BC04A35E910567CC37,762x51 Ammo Pouch,7.62x51mm步枪弹药
/062CAB244F840C37857F088C8135F8EB,8,8
/9E169F304E8795958CCDBB95C04289D4,8,8
/B5B7E3AA467F24B47CD908A1A87150DC,8x,8x
/477B4F784F3757BF3AEF4E87B9613004,9mm Suppressor,9mm消音器
/D8AD1C2E4FD7A2A703EC2ABCA9C3737D,9×19mm,9×19mm
/B5B66E524AD86AE68DD959B559930663,< Previous Target,< 上一个目标
/28F8876948043E469A52CDA68603BE90,<Message about transition>,<Message about transition>
/49A9DF4B41074DCCEE8961813636B82A,<Mission Name>,<Mission Name>
/2198290A4C81C516CC4993BEA870CA94,<Mission Script>,<Mission Script>
/817FA5A84CC69B124ED149910D70FC20,<Ping>,<Ping>
/E02F776A46B3F6078936E8A21486880E,<Player Name>,<Player Name>
/F062608A463199A67BE43A86B8D5C25A,<Player Name>,<Player Name>
/2685F72F4F8263D59711F7B8625295CA,<PlayerName>,<PlayerName>
/FFE6DFC14FF251CD387990BC90FA886F,<PlayerName>,<PlayerName>
/419B87664B483433CD80DD8F26E50ABF,<Setting>,<Setting>
/3911DC4147535BA9DABF9B93DB29309D,<Team Name>,<Team Name>
/794B988645600E63A9A12B86170E728F,<Team Name>,<Team Name>
/245664644140E0D9260A4B84079AB6FF,<UniqueId>,<UniqueId>
/6D7B22094137FFF395F0E1AFE9E405C6,<Value>,<Value>
/3E55FB014412F47485C55CB7ED8D41B9,<display name>,<display name>
/D5FBAD464479275CCA46CD9BC7506AF1,<display name>,<display name>
/28A27D2A45C20329A37F46B35CCD7169,<secs>,<secs>
/8B6244194445BEE3BFAEF79A0FA84D01,A   B L A C K F O O T   S T U D I O S   G A M E,B L A C K F O O T   S T U D I O S制作游戏
/EB72878A449D264DF83C288E3E9B2808,A Ram Airways® 747 airliner sits at the end of the runway of a small under-developed airfield somewhere in the Horn of Africa.,一架Ram客运公司®的747客机停在非洲之角的一处简易机场跑道上。
/E71E02C54820F70620456689B33DC357,A checksum on the client didn't match one received from the server.,客户端校验与从服务器接收到的校验不匹配。
/7AF597A74507B217780E1BBF416D82A4,A closed-off arena for quick firefights.,快速近距战斗的竞技场。
/A4881F324ED11A7FD241BEAAA58740DE,A closed-off arena for quick firefights.,快速近距战斗的竞技场。
/6F2FE92D435F31AAE460408D1018E35B,A condensed version of the mutator filename. Click 'Browse To File' to open the folder containing the mutator.,突变器文件名的简略版本。点击“浏览文件”可打开包含该突变器的文件夹。
/328638D34CA34D4C87BC61BEAAA57980,A file by that name already exists.,文件名已被使用。
/9887A5A24D37F42EEA2D94BCA069EEEB,A file by that name already exists.,文件名已被使用。
/F18F1CE24A7476C7F7D018AF9AEA1C9B,A file by that name already exists.,文件名已被使用。
/1CFDCBE941614D63FB0C96B0CF3CEA80,A globally unique identifier (GUID) on the client didn't match one received from the server.,客户端上的全局唯一标识符（GUID）与服务器接收到的不匹配。
/07E9C4684B3208EEB00ED6BDFA81F08F,"A horizontal FOV of more than 90° is not recommended.

In addition to camera distortion (""fisheye"" effect), sights may seem farther from the camera than expected, making them difficult to use.","不建议将水平FOV设置为大于90

会导致视角产生畸变(鱼眼效果),瞄具也会相对较远因而不便于使用."
/AF2C9115400DCAF8AC928EA726CC50A9,"A natural gas carrier en route to an oil platform off the Eastern coast of Africa, this ship's multi-level accommodation overlooks its 170-yard deck.",在多层住舱俯瞰下的一艘有着170码甲板的天然气运输船正在前往非洲东海岸附近的一个油井平台。
/A97D927F4C53329A8538B48A2763C1B7,A package is missing on the client.,来自客户端的封包丢失。
/B80F1947424B3038C9866F91863BD30B,A package is missing on the client. Download from {0},来自客户端的封包丢失，正在从{0}下载。
/F6E884D74CA30C036E55079D1C32984A,A passive volume that can be used by a game mode to indicate areas where to spawn extra AI,用于指定刷新额外AI区域的体积
/153FD6624D168F4CCC230FABE320AF9B,A peaceful downtown square now littered with empty cars and emergency vehicles. Fight on the streets or the subway station underground.,宁静的市中心广场到处都是空置车辆和应急车辆，战斗正在街头和地铁中进行。
/08937C694876B847069D1FB1F3701F82,"A temperate forest with scattered man-made structures surrounds the central compound: a multi-building, railroad-fed depot.",温带森林中一处有着各种建筑环绕下的铁路货运站。
/CA0162F246DC20E0658818AF77326C58,A05,A05
/88D17ABF4D695D2F41F5A69F8D098B77,ABC,ABC
/B281FE2A46A568C6486109B9F05C6A08,ABC,ABC
/E6B83BFD502F4AFC8DBC6B7C0021E8B4,ABC,ABC
/181668184025A061016A1EB6F46F866E,ACCESSORIES,配件
/578D7F9B421B09CD0CE641BB32D3C047,ACCESSORIES,配件
/6B1C958841A06775DF6A01B53E247001,ACCESSORIES,配件
/E5A9164240C2A1433CE166812799CA34,ACCESSORIES,配件
/ECC19C7B492E3251BFA4F9B6FA5EE756,ACCESSORIES,配件
/E1F2A5DD48C5A5A7F87D8E99B69A532A,ACCURACY,精度
/C15266AF4C509B8FE815F1B880F51B9A,ACOG (4x),ACOG (4x)
/F8FE2475416B4B58709D0FBFA44D5CCC,ACOG (6x),ACOG (6x)
/97CC15BE4CC625BC53536A9F95F3A56E,ACTION BUTTON,动作按钮
/2FF68E064CD9478F907D626C16A989FA,ACTUAL NAME:,实际名称:
/0E9AD03B44C69BD3DFDAC0BA369BC0E7,ACU Coat,ACU作战服
/6FE95996452933C7C9411688634B69D6,ACU Coat (Rolled),ACU作战服(卷袖)
/403FBD06477F9F81BB77078E2C5A5294,ADD,新增
/D5D34CEA4017E1C9AEB161856FAFA39A,ADD TO ALL {BlackOrWhiteList}S,新增到所有{BlackOrWhiteList}中
/BF78CC2A4DAF301864B16FA8F02FACF4,ADD TO ITEM,新增到物品
/B26C3BD34F3AFA9D1426C0879EFCA183,ADD TO {BlackOrWhiteList},新增到{BlackOrWhiteList}中
/BEA658B24F1A528E7BC1DDB07A6790AD,ADDITIONAL CONSULTING,外部顾问支持
/485A2A3441B7A671066EB2910B1265AC,ADDITIONAL DEVELOPMENT & SUPPORT by,外部发展和技术支持
/F8C8AB914791A0B6E864AAA2D5C09E3D,ADDITIONAL MARKETING,外部市场营销
/44D4E02F467EC636659D1C8F88E512A3,ADDITIONAL PROGRAMMING,外部项目支持
/14EB86A94E9180D63FFDF0AC068D69CA,ADMIN,管理员
/40B5D8904AF1D9A799A7699D32EB7AF3,ADMIN,管理员
/AE06BDD24AE1D938134FEE9FB7CF50D3,ADMIN LIST,管理员列表
/58414B0B4D25D9AF64CE7CB4FE548573,ADMIN PANEL,管理员面板
/0E00E31D43C794EA892C11A2210A6511,ADVANCED,高级
/60C876724F4C8AB8CAB8D39849997D5C,ADVANCED,高级
/D4796B6042C6CE2ECD3501BA090A93AA,ADVANCED,高级
/7A62778A4E5D400DF4DD259E0E42FE37,AFTER X ROUNDS,在X轮后
/74761EE841B4FBC360582686A032EB3F,AI Guard Point,AI警戒点
/6857DED4445BB8EB191E09A2012D0953,AI Hotspot,AI热点
/E54CA3E542D89B8FE746CDA5B50E85F8,AI PROPERTIES,AI参数
/298FB4CA436FD8D00988B8AF993DC0E8,AI Patrol Route,AI巡逻点
/7375B955403D572C4B4A54838086C15F,AI Spawn Point,AI刷新点
/CA4B8C81462660CB0C013F990D486AD2,AK Rail Mount,AK导轨支架
/FA9CC2034834DE7D779887AAD37296F3,AK-105,AK-105
/646347044B1A62C7FF3EAFBF160D10E6,AK-105 Alpha,AK-105 Alpha
/CF24FE064B81313F1CD83DBA66E750FB,AK-74 30rd [5.45×39MM],5.45x39mm 30发聚合物弹匣(AK74)
/C0899DB0495458F6C55580A345F734EB,AK-74M,AK-74M
/552AF2C74D5F138ABD5E0CA337B2B584,AKM,AKM
/E663F98F4889E7EFD4F3068C45D77819,AKM 30rd [7.62×39MM],7.62x39mm 30发弹匣(AKM)
/39D07AC34DB04EA7C1C2579F91F7338B,AKS-74U,AKS-74U
/B65A6D9B48D6084E6C764A9304165038,AKS-74U Alpha,AKS-74U Alpha
/0C7D81E9474C6583850F82B7833CE494,ALLOWED,允许的
/A5CEEF0141D7EA76B926629B742483E0,ALLOWED,允许的
/FC172D754FCB73E771C632A627CE7EA9_TextAMPM2,AM,上午
/8A8924E54FEA833A84E729A2DA12F764,AMMO,弹药
/F643095241A237F052D8E384D0DDB729,AMMUNITION,弹匣包
/241548444B851E13D435B388600CB568,AN/PEQ-15,AN/PEQ-15
/55F77BFD41A9E172C5BF9F88309895DD,AN/PEQ-15 (Black),AN/PEQ-15(黑色)
/9E522B0D45E4879C71050AAD08A7A611,AN/PEQ-15 (Tan),AN/PEQ-15(泥色)
/EA6836A74F55E2088B8073AC7A998918,AN/PVS-15 (Green),AN/PVS-15(绿色)
/5718734847926CB668058C9C5B56646E,AN/PVS-15 (White),AN/PVS-15(白色)
/DA07D9894817981026F707B714037E3F,AN/PVS-22 UNS,AN/PVS-22夜视镜
/8292D78C4A3BFB9B749C62AA1E7040E0,ANIMATIONS,动画
/5BA21780499A2441BA5D2E94F50A64E8,ANTI-ALIASING,抗锯齿
/161F7C914A133AC23486E2A1D858262B,AOR-1,(海豹)沙漠迷彩AOR
/EF6B37574C73BEE4AD600F9A0FCCA6FE,AOR-2,(海豹)丛林迷彩AOR
/0EC574B445784CCB9686109B39001556,APPEARANCE,外观
/47D6DA7B412C5FA982C5B3802DA26E14,APPEARANCE,外观
/9AA10FB5460246A679320894BF06D285,APPEARANCE,外观
/034641764A125521CFDA288B3764CB53,APPLY,应用
/13A47B0C41F1DB6D4C1C298BC3C7D562,APPLY,应用
/4D6945A74554E06BEBCFCAAA0CD7585B,APPLY,应用
/5F668017413B95E8D0B647BA67734FB8,APPLY,应用
/9ECA338F4668D6D2785267B1A37A1532,APPLY,应用
/A354D7D34DDE1DB783F90084D6A823DC,APPLY,应用
/B0864F57436C1CC4FED89FB93A089639,APPLY,应用
/B54BECD342CB494B6C6F34804653F953,APPLY,应用
/C1A4C2E242615925F4D0B09258A47BD1,APPLY,应用
/C1CE4D2542B46C6F8A44B3B819358415,APPLY,应用
/D05A9960480833454BED3A8921C08E8E,APPLY,应用
/ED5471C74A986F7B28F7B7B9B621EB9E,APPLY,应用
/A13311A5462053A7F662D39E20853EDE,ASR,突击步枪
/6398BD454ACCFF3B65B0749E83BE3021,ATACR (1–8x),ATACR (1–8x)
/3B84DC4F40094616F0732D97706354ED,ATTACHMENTS,附件
/7B5F81A740FD68289F2E959041E2246B,ATTACHMENTS,附件
/1D773D394CBEA69C117E559AA316C1BE,ATTACKING,进攻
/DF9EE67D4C6D358677A5DFA31AC75411,AUDIO,音频
/D7D95BFC47C9275DB39A2B9BBC08CE88,AUTO,全自动
/6750334C40888DC9D4399198A3204937,AUTO-DETECT,自动检测
/515AEA1749DFCF45F98BEA91DB6BB0DA,AWARD,奖励
/833CD2094B20F6A32588999BBB7E76BF,AWARD,奖励
/8729388140955691E71D269121CB80E4,AccuPower (1–8x),AccuPower (1–8x)
/C84817CD4F8BBB75988E4CABCA3796CD,Active players can currently hear spectators.,存活的玩家当前可听到观察者讲话。
/C432EE3B409FD2FA87562F8E0FA4B91F,Active players cannot currently hear spectators.,存活的玩家不可以听到观察者讲话。
/6ABB3F974EF4455DB32DEA92C6B87DB4,Add Link,增加连接
/FEC915774B9DFBF814854BAB22F32572,Add Player Starts,增加玩家出生点
/DC2AC880444CBF7C35F327BCE8CAB364,Add Whitelist Entry,允许接入白名单
/DA114495470AC5736BC8F4BEA63B305F,Add bind.,添加绑定
/7D84E003471778AD6F0545A50C3E70C3,Add selected maps with game mode options.,将选定模式的地图加入列表。
/1D50D43C43F0845E8A5540B209B3CB1E,Adding {0} of {1},增加{0}总计{1}
/4C095CDE43C41406047ED8AF0C3C4D11,Adjust throw strength/trajectory,调整投掷力量和轨迹
/672D18A145561DB3C8D0DDBDF22F689F,Admin,管理员
/8E2B3D2A40648D0BE7E758B79BFACE5E,Admin Actions,管理员命令
/B948A80E4FFF1A7634A40CB327C33B7C,Admin Needed Slot,管理员需要位置
/0BA6F7AE4972BCEECFA44F9017F00EBB,Admin Panel,管理员面板
/9B96647D41BB2CC3E559D38A83D4C9D5,Admin Panel,管理员面板
/1C1587474C5A4322DA7F7C978A0E4172,Advanced AI Settings,高级AI设置
/2C0FA91A4679F7518D10FAAF18A47F01,Advanced AI Settings,高级AI设置
/4F9FB04D493EA9B17853068E401A7329,Advanced AI Settings,高级AI设置
/D6A1C10947524FF203874AB895CFE60B,Advanced AI Settings,高级AI设置
/D60047CA474FBB807F9596BA3AC92E9D,"Advanced time and weather settings are available once level is loaded.

The selected weather may not be compatible with the selected level, and timings may vary.","地图载入后可使用高级天气与时间设置

选定的天气可能并不与当前地图兼容, 并且时间可能会不同。"
/DD8746F74A05506B2D4A0E83DC19B878,"After Grenade Throw, Equip…",手雷投出后装备
/215C56F14E4EB68BD89317A15E4992EB,Aim Down Sights,瞄准状态
/938F7A07480DA0837A957FB3F85C3ADA,Aim Down Sights,瞄准状态
/69968D174302B16C17E9EA8EA8E1E90F,Aim Type,瞄准类型
/3C93B46E4D627C735C42F2B051937F93,"Alex ""Zee"" Colburn",Alex 'Zee' Colburn
/4A7943A64589FFFDEA5792A878D0FB61,Alexander Mijalkovski,Alexander Mijalkovski
/D13652F04366643BDE3FD48FD4448F40,All,全部
/7BC3DB664FCA0441994957A018D85234,All mutators in all mods have been reloaded and restarted,所有模组中的突变器已全部重新加载并重启。
/118D7F3243A2EA6A8AB52F955EA6492C,All rights reserved.,保留所有权利
/1AE5990C44A4EA9B9526398EC58FEC04,All rights reserved.,保留所有权利
/518831C341EABF93C6F44EA4E2262539,Alpha,Alpha
/FFF041724768DB1491AF3F9252DFFDDD,Alpha,Alpha
/0A6AA4A1464FCCF8BC1E6FA9EF7B475E,Always Run,始终奔跑
/EB6EB9224CA757BDAAC3F382F0A7327E,Always call out your grenade throws — especially the bad ones.,投掷手雷前请喊出来，尤其是扔歪的时候。
/09A10A984C806F1716F84F966D12F4B3,Ambient intensity:,环境光亮度:
/82E766F1450A65E2AB07BD904F9C8E9D,Ammo Type,弹药类型
/0D1C04424FCB6E36C1AC629F08D3A401,Ammunition,弹药
/E27615264B9E6225248636A73C3A1203,An admin needed to join and the server was full.,请注意，有管理员需要加入，但服务器已满。
/67081E0940DFB4F8ECBA869999CDBA76,An under-construction substation—part of a Middle-Eastern wind power farm—with a large C-shaped building and maintenance tunnels.,中东某处风电场的在建变电站，拥有大型C形建筑物和维修通道。
/2B39ABBF4F8BF9E5C29CFC8EB15958DF,Angled Grip,斜角握把
/293FBA5148C5470071DEF78EDA569788,Anisotropic Filtering,各向异性过滤
/BA1D1D85412EFBB55555E5BE62B313D5,Another closed-off arena for quick firefights.,另一个快速近距战斗竞技场.
/C69AE2CC4FFFF97F7C90DFB9C74ACE47,Anti-Aliasing (AA),抗锯齿(AA)
/D8EAB2314963A0BEFA3B338BDA0FA417,AntiAliasingQuality,抗锯齿质量
/6B32D6F2412085000971568CF3C667D2,Any,任意
/EF57E7634D45D896BF2A8DA085473AE3,Any,任意
/6905B3DD40F4DF7B0DB0348E69F7A066,Apply anyway?,仍要应用吗？
/4C9E1F6F478D5894BBBBBE88FF493D23,"Approach here, ready your gun with the right mouse button, and start shooting! Press 1 or 2 to select primary and secondary weapons.",靠近这里并使用鼠标右键来瞄准射击，按1、2键来切换武器。
/D7C15D244F3E478B83CCDC931E9B1BC4,"Approach here, ready your gun with the right mouse button, and start shooting! Press 1 or 2 to select primary and secondary weapons.",靠近这里并使用鼠标右键来瞄准射击，按1、2键来切换武器。
/FA095C5A406FFEF05B9DEFA005AF6CA2,"Approach here, ready your gun with the right mouse button, and start shooting! Press 1 or 2 to select primary and secondary weapons.",靠近这里并使用鼠标右键来瞄准射击，按1、2键来切换武器。
/16CE1BFB4A8C86DE5118E1B4C08A1556,Approach the board and click an insertion point to begin. (Some modes like Deathmatch or DTAS only need you to click anywhere on the map.),靠近面板并点击进入点来开始任务。(有些模式中例如死斗和DTAS只需要点击地图任意位置)
/15E4F47148BBD892FB3931AF6A79EED6,April,4月
/998024614936A71B62B23BB6A7842D8A,April,4月
/9D46C94D42F905B60B41BB8A637CE029,April,4月
/C88F8A654B3F93A9BD9585A938A694F5,April,4月
/0DA231314A656A6D3958A1B8ED49223A,Are you sure you want to overwrite it?,你确定要覆盖它吗？
/6E288B2448B239C9BDE3AEA27E1655B3,Are you sure you want to overwrite it?,你确定要覆盖它吗？
/EFF961994CC9B431BD7A7BA9A922CC6A,Are you sure you want to overwrite it?,你确定要覆盖它吗？
/ABDC74C04D947771007644BDEF157959,Are you sure you want to remove all attachments/accessories?,你确定要移除所有配件和装备吗
/D12C83424DB758CB33524382A80634E4,Are you sure you wish to reset all hints? You will need to reload a level for the ready room hints to appear.,您确定要重置所有提示吗？您需要重新加载关卡才能正确显示准备室提示。
/13702D624B48AE783A4D009F82F0E581,Are you sure you wish to unsubscribe from this mod and delete it from your local mahine? You may need to restart the game for the change to take full effect,你确定要取消订阅该模组并从本地计算机中删除它吗？你可能需要重启游戏以使更改完全生效。
/3C114BB74EC24E10B13E4D8A31948FF9,Are you sure you wish to unsubscribe from this mod and delete it from your local mahine? You may need to restart the game for the change to take full effect,你确定要取消订阅该模组并从本地计算机中删除它吗？你可能需要重启游戏以使更改完全生效。
/2EDDE3554222AD2D1ABD8981D35C1287,Are you sure?,你确定吗?
/36937F7C451DA31F76DAFABA9C7D4B6A,Are you sure?,你确定吗?
/3C8B9E824AA39F521876C3B2B0D62CAC,Are you sure?,你确定吗?
/4DE950F14D33C9F10D7080ADB886045E,Are you sure?,你确定吗?
/6986758446BDDAE728BC58BC9622158E,Are you sure?,你确定吗?
/9FE1DAAC4E44888CB401C9995926B8B7,Are you sure?,你确定吗?
/FB4DFDE145F85CBF4EB3879807889387,Assault Gloves,突击手套
/1979CDA742BABDBB3F6CC0A27CAD048A,Assault Rifle Ammo Pouch,突击步枪弹药包
/1C2101DE4858B7581442D3B0E32787D4,Assault Rifle Ammo Pouch,突击步枪弹药包
/3347A62A4CF1E734376E76B5572BECF1,Assault Rifle Ammo x2 Pouch,突击步枪弹药包x2
/BF704C414FFF59B6F29AA6B05BC7865D,Assault Rifle Ammo x2 Pouch,突击步枪弹药包x2
/B63F64F04D3DDEDD6E4EEC9DB653BC6E,AssaultRifle,突击步枪
/054AAF214B30DC2A92A932A5262F0243,"At very close ranges, shots will hit below your point-of-aim.",近距离射击时，子弹会低于瞄准点。
/80E755A0407BF7A31E6187850FE8B96F,Attach the AN/PVS-22 UNS directly in front of a magnified optic (scope) to turn it into a night vision sight.,将AN/PVS-22安装在光学瞄具之后来激活夜视功能
/6C2212DB472C48186FF0BBB3A72CAC8E,Attachments,附件
/A161425F45973CE80169F0A43D0485E0,Attachments,附件
/ACD4845A4A9BC293842E71871310B2D6,Attachments,附件
/C832F69F43390CF652F286A0EFF9F497,Attachments,附件
/FAB8842A4A8C851D2764368A06EC9873,Attachments,附件
/501329C54D461AE9C83821A3B3DCA664,Attachments Wheel,配件轮盘
/CCF6DDA24DAE10DCA59938AE282C3F9A,Attachments Wheel,配件轮盘
/E38AAC394B7E93ACE01D0FBE29D09109,Attachments Wheel,配件轮盘
/4A6535BB47975D438437EEA00F7555A9,Attachments Wheel – Hotkey 1,配件轮盘 – 快捷键 1
/5529DC744911358A92C515860E77805B,Attachments Wheel – Hotkey 2,配件轮盘 – 快捷键2
/8EF9EE254949EBD45984ADA730DF89A4,Attachments Wheel – Hotkey 3,配件轮盘 – 快捷键3
/F49EBEBE4162ACF5F117B3B32848CE29,Attachments Wheel – Hotkey 4,配件轮盘 – 快捷键4
/304D2103428DEE319EB059A3AD6D5E70,Attachments Wheel – Hotkey 5,配件轮盘 – 快捷键5
/F76984304F2F70FB93A00FA99ED08580,Attachments Wheel – Hotkey 6,配件轮盘 – 快捷键6
/B289AA824608F113D86409A03F678294,Attempt to apply this patch online and offline,尝试在线和离线应用此臂章/补丁
/861DABD348FB7267093D6DAF6D1FE79F,Attempt to place.,尝试放置
/A3C96BB94E2A227AD6EA9681954E94FC,"Attempts to link to end point within 10 meters. Failing that, links to closest point within 10 meters instead.",尝试连接10米内的终点， 如果没有则连接10米内最近的点。
/B60D94EE4885C6C3CC0A729EA36630F4,Audio,音频设置
/0A38D8214AB725CE054BFCA0B87E1FB6,August,8月
/36B09D3F4424CF03644207AB8CA7534E,August,8月
/4095842E4691ED59FC52478E884B0E7D,August,8月
/44DEB7D5436A6C8629A90185894AD77F,August,8月
/64B465F741A341C303E109BC372E2DAD,Author,作者
/B43A9AD145D9CC552BEB9D8631B044C6,Author,作者
/009C42BD4B67AD44C0C5979F38F28AE4,Author Name,作者姓名
/823026BA4B97CB54836DB780B9A49FC4,Auto,自动
/5C9E69C942E43D1F9BFAA8801C3A44D7,Average,平均
/6E64575647A2D58AE33DF28795B9A50D,Away,离线 
/82AB35D44EF167080E3EAD8B1AD1D58F,B-05,B-05
/5180B0E745E7913C0B24D59EC4676131,BAN,封禁
/9B9429BD4FC1E83D95EDFEB05632AD97,BAN,封禁
/9F0741EA4203478A7D453B8AFC214821,BE CAREFUL changing these settings!,请谨慎更改这些设置!
/8D75FB0C4A38E48814EBD5A1B59D1F63,BEGIN ATTACK,开始进攻
/3F9D8F36436E768335F3D18D876C473F,BEGIN DEFENSE,方式防御
/C7A90FD742012957DA58B182F43F38FC,BELT,腰带
/9A3EDF1049C779C5682B55BE6F14F477,BIND ACTION TO,绑定动作到
/B43DFF144F7C45A4E0752ABA8514BA7C,BIND ACTION TO,绑定动作到
/0A71959E494892E275C088A753050FC0,BINOCULARS,望远镜
/569D18D044B2B2D20E3F799680C1696E,BLACKLIST,黑名单
/28D5427B4B844F48E2F352BE92F77A2E,BLUE,蓝
/7249DEAA4AE6E9B712FC71A3DE7A34B0,BLUFOR,蓝军
/9B8B65D34E13E574E104BCA719DBBFFD,BODY (LEFT),身体(左侧)
/A4F6CEF14D64D667D1158BA3C57F6599,BODY (LEFT),身体(左侧)
/85E911B141BE92F8EBC55C8869355572,BODY (RIGHT),身体(右侧)
/D031E4F54ECDE8F9F25FC18CF28A9C8E,BODY (RIGHT),身体(右侧)
/33F8505043D53AA3B33DA590A6DC79CC,BOLT HELD OPEN,枪机已打开
/FCD2B77F4689F6C8D7FA3282C0E054C4,BOLT NOT OPEN,枪机未打开
/441C1AA34B504DB4569821BD6EEBA766,BPM,每分钟射速
/67801F6A4BE9CBC912DCAA9DDE015897,BPM,每分钟射速
/D54FB8D24EE0DB65797D14B35B9BF9DB,BRAND MANAGER & DESIGNER,品牌经理与设计师
/649809C54101C0E5F1B9BD99989C980F,BROWSE TO FILE,每分钟射速
/FE74A0FB4B98C03CBCF9659315A7DCCC,BTH,BTH
/9BCFC4FB497F36A01AA63F94FC30EE9E,BUILD NAME,构建名称
/2A0FA0A8400F2CCE6465838FEA463511,BURST,点射
/480D58F949610C098EC6E4B4FCA1C9FF,BURST,点射
/3DF936784126AEDB19598194426D4265,Back,返回
/75A37D42415E93F0E59FDF86395DD701,Back,返回
/AB63BBC44B3984377E17A998F70D7F5E,Back,返回
/EEFD5258413F326BC84A1787CBB8817C,Back,返回
/F62213FB4FDC62E6C41422AC795F7BB3,Back,返回
/A3EB4F82449E0237FA780C9DDEB042EB,Bad Rhino Studios,Bad Rhino工作室
/1FD1F536442CAB84EA054CA6C6B075B4,Bakr Assad,Bakr Assad
/DA61D9CD4D5525EE9D6478B8C88FC561,Balaclava,巴拉克拉法帽
/872D8AE748BC444A19EADDAE129327E0,Balance the teams.,平衡双方队伍。
/065840574B269A319DE57FA73A25A896,Balanced,平衡
/1A9420C64DD6E1869A774394A6457156,Ball Cap,棒球帽
/62B53BDF417E7DA667256DB3FD536160,Ball Cap (Reverse),棒球帽(反戴)
/34BF71EC4874BE1160C1CEACC34DC245,Ballistic Vest,防弹背心
/58AFBC494163FB47B834BF8B2DFD1456,Ban,封禁
/B98E0D0249CEDD4ACDF14FAAF9919377,Ban duration?,封禁时间是?
/D159413347C424E0B769D8ADC0302A58,Ban duration?,封禁时间是?
/7CD2F0984BCE463FB9BD238B45D99F9B,Ban reason?,封禁原因是?
/B1BD07E64144DF43B6EB2798DAAA79CA,Ban reason?,封禁原因是?
/10D9693244B0BCE82613BB952AE2D2FE,Banning {0} of {1},封禁中{0}总计{1}
/8316173F45564C4C3605C7B588473D8B,Banning {0} of {1},封禁中{0}总计{1}
/D09BFE7742F9B1C948608896F5315699,Base Layer,内衣
/807FD09940110AAE0DE80B8F7E8C04FC,Base Layer Tucked,内衣(塞入)
/F0D2054645B83FB0EFD7B2AC6D88D8F3,Battle Belt,作战腰封
/549423FD44FCAD631F02F2B1525103B0,BattleRifle/Marksman,精确射手步枪
/FF588649405D956B629FBEBFDDBEFFFD,Be aware of your team's lines of fire so you don't accidentally expose yourself to their shots.,时刻注意队友开火的位置，注意不要出现在友军枪口前。
/D92439674B3DDEB1C61CC897F680B34A,Beard,胡子
/482CADFA432D4A47F4F8D99A4A8F9A7E,Become Spectator,成为观察者
/CF6FB93A4372AF9F57840BAF8F404909,Become Spectator,成为观察者
/22A470354035EEBE2A36AFAC4C8108CC,Become a spectator.,成为一个观察者
/039A989A4E42AF1CDA02B4A23BA69484,Begin Operation,开始行动
/2863A7504347106AEEBF45BCD47D61E4,Belt 100rd [5.56 NATO] +Tracer,5.56x45mm曳光弹 100发弹链
/8B773C494F5ACCC4C3AB368B6792621F,Best (Default),最高(默认)
/B7DC15E040B4527681333B8A183F7311,Binaural,人头录音
/C2443AAF41E9ED4918B2EFB2174DBFD5,Binocular Pouch,望远镜包
/9731E9514F6CB0CD7C34899DB503E210,Binoculars,望远镜
/EC5DAD964E5B111793F8C091C4A20F51,Bipod (Non-Functional),脚架(无功能)
/B27CCAD946B359FFED5B929CC748C91A,Bipod Grip,脚架握把
/8C71F214472FDC336BD6E4BE0942FCF3,Black,黑色
/D12C0C2F481CF00B4BC889BF720E2A44,Black,黑色
/D63A50B9460217EDF1E0D486F84E710E,Blacklist is used,黑名单已经启用
/EF5CA50B43C267F49F2DAAA781EC813C,Blacklist items,黑名单物品
/299872D547CC3705326100A86D65FD0F,Blocking,空气墙
/9BE96F0947C3246EBA3FE491C2276A67,Bloom Quality,泛光质量
/2396643D45391B09352510BE9393A1AA,Blue,蓝色
/27E54C7443198149C4704AB106A164F3,Blue,蓝色
/FE3BB89F4534807B7D666DA472626766,Bomb,炸弹
/8F2BABA349028276A40889AA2160967D,Boonie Hat,奔尼帽
/394F546348135EB96324439B639EBE29,Boonie Hat Folded,奔尼帽(侧卷)
/1E18C12B48423AAAC56556A78339A97A,Breaching Charge,破门炸药
/CB6899F74D6D2E925CC3CA9F3DE62F13,Breaching Charge Pouch,破门炸药副包
/3FBABC674B7C2520818708AEF15495AA,Brightness,亮度
/F0CEB8FD45248993FFE61D96E9C02AE6,Browse Workshop,浏览创意工坊
/31E323B3420537F380B0A8A49F17BDED,Browse a list of online multiplayer servers.,浏览在线服务器列表.
/545640F844073AE3EC98E1936169C59B,Browse a list of online multiplayer servers.,浏览在线服务器列表.
/6D9A2BFC492D2E5A3D0C90A5B3903844,Browse patches:,浏览臂章:
/AE3E8E5C4D5BDA3B88EA899BA45244A2,Bug Summary,BUG提交
/C0576D014C270EB7A72EB8BCB5BAC0E2,Build Number,构建号
/16F8239C4915A9C9627AB4B9873C6C2C,Build Type,构建类型
/6081AE534C9CECE18E72FFAA428802B4,BuildNumber {0},构建号 {0}
/AAD4D09D43CEB6E8BE45D297013F7BA1,Burst,点射
/15B19DC6492DCBF1E1FF0E872503DBBE,Busy,繁忙
/2BA467704D8F4F35FD53518F1192EAC7,Button description:,按键描述
/1C0065DC4C3A1546E93CD09844F3D4A1,Button!,按下
/2063E6724A60A6C309085694BC3143D0,Button!,按下
/9F6334314441362F90C5088261E649E7,Button!,按下
/A9C97CB441057DF9C12ECC8CD10B109B,Button-Up Shirt,衬衫
/0DC53A884235BD9D534B65B4FEABE5C9,CALL SIGN CHANGED,呼号变更
/2FAC2617491E604C92BD24867571550A,CALLSIGN,呼号
/09DD46D745C2F2ABCF1CD380C5908135,CAMERA,摄影机
/F0FA3F59415A36E519A62B8E3372EE4E,CAMERA,摄影机
/019E0B8341FBE38372B7A8AAA7EE40DB,CANCEL,取消
/05A25C6A4B360ECC673FA991B08D9F8F,CANCEL,取消
/4EE30C904B7FB955330C3C8B3394E136,CANCEL,取消
/5E16F28D49CA5A9596573F80925824B0,CANCEL,取消
/63B7BBE447B52C74ACF4D5A9BC01C0DB,CANCEL,取消
/754D266F422C592E8C4B68B22C9FB898,CANCEL,取消
/900573EB49177B075A9D87BA8C72F008,CANCEL,取消
/AE0132664D388C7D59C64FAE266897DE,CANCEL,取消
/BDA2B314417B926ED5238CB6F614CCA6,CANCEL,取消
/D2B8488145A450D3465940ACFDA3D8B1,CANCEL,取消
/F4EE93B2413E30CA44F468B57C0637A0,CANCEL,取消
/FD2DA08041C7D7E70DA7569FFDA2471C,CANCEL,取消
/838DF83B4997A927EEFBDCB9BB275890,CANCEL GRENADE THROW,取消手雷投掷
/8B022CFF47E092AE368CEA80E19FE0D4,CAUTION,警告
/FD3F9C5948159F48E998E6A3887EB6CD,CAUTION,警告
/0CCE78884D26B22E0219AB8CCFA5C8F9,CHANGE CONTACT INFO,改变联系方式
/01EBAA564AF017F92CBC5AAC54477698,CHANGE GROUP,改变组
/96113EE04994BE59D499EB8DB8351230,CHANGE LASER MODE,改变激光模式
/9D9AC1A34C606EAAD62AD5AAD7AD035C,CHANGE MAGNIFICATION,改变放大
/F26437F8479A304A4A3121AC944732A6,CHANGE MAP,更换地图
/0D3F1A9644D26044E8C6D8951F9F7CA0,CHANGE SIGHTS,更换瞄具
/1441076F4B7FE3231E772A94BDF48D89,CHARACTER STANCE HUD,角色姿态指示器
/3C5F5101483245DE728A16A85E08BEF5,"CIA training site for clandestine officers in Camp Peary, Virginia. Features multiple shooting ranges and killhouses for practice.",位于弗吉尼亚州皮尔里营的中央情报局秘密特工训练基地，设有多个射击场和杀戮屋供练习。
/B9386B084F9D58193FC15EA2B3432300,"CIA training site for clandestine officers in Camp Peary, Virginia. Features multiple shooting ranges and killhouses for practice.",位于弗吉尼亚州皮尔里营的中央情报局秘密特工训练基地，设有多个射击场和杀戮屋供练习。
/4059A7A04A322B9308AE319C1F87C02D,CLEAR,清除
/DBFFF9BE45E866FF839A168A262ABB38,CLEAR ALL,清除所有
/F2113A6745FE2A948F6B3AA8153E39DF,CLEAR ALL,清除所有
/27905FA4452A783654F90FA662C683F3,CLEAR BIND,清除绑定
/7BFDDB3240367EDDBA9CE38A8688C06F,CLEAR BIND,清除绑定
/68738EA143612EAC4B70C7854D7CBD67,CLEAR SELECTION,清除选择
/65159DF24793F789418D7FB0CF785C4D,CLICK TO DEPLOY,点击部署
/692610C947DB3410E1779CBCED160194,CLICK TO SPECTATE,点击观战
/BD91A6E74AC7FBFF4AD1C483FAB04416,CLOSE,关闭
/D7C71C384D1C8E523D340FB276FB1DCA,CLOSE READY POSITION,近距准备姿势
/8771435846B4885B8F0C6EA6A0D89540,COMBAT,战斗
/BE5AE0A5431DBF4ABAF0BB896382BEB1,COMBAT,战斗
/F58FDF3A438307EAF627BAA44DF9B30A,COMBAT STATS,战斗结果
/1FB1D7B54E808EFE64407CBA0A0A68DD,COMMUNICATION,通讯
/2B405EA0432C49DB391DA1BB2A32CC69,COMMUNICATIONS,通讯
/C0A2D7E2436551CFB8BC8DAF0BA3ED37,COMMUNITY CREDITS,社区信用
/274A26144E1CE5C353BD9DA03FB1D3E7,COMMUNITY MANAGEMENT & MODERATION,社区管理/版主
/1413DA334D00B637992431904A54B84A,COMMUNITY TEST ENVIRONMENT,社区测试环境（CTE）
/DDE0B8C14D13F5D9015294A5FC123CBD,COMPLETE,完成
/3030326D4AF6D83AE83B1988341EC7F6,CONNECT,连接
/DB3E6F6D4714B042617E4A8F11878BB8,CONNECT VIA IP,通过IP连接
/7D6E0B4E4DFD2E1CC798ACB1455A8110,CONTACT INFO,联系方式
/C14C63A14FF0AF7E995F21BF9DCB98F5,CONTENT PARTNERS,内容合作
/69FC0BB14A6ADA7DF5575F8BADA363C2,CONTROLLER,控制器
/B9AF9BCA451194CF329AE6B77F624DA3,CONTROLLER,控制器
/356860154EDA3332F2E131B47F98ACC4,CONTROLLER BINDS,控制器绑定
/FDD629354E31BB2ABFAEEA94EFABDAAC,CREATE SERVER,创建服务器
/E81F40084A6CF4443390A7A33DD5A762,CREATIVE DIRECTOR,创意总监
/6E2FD8D9400A9CACF361F2B45589C6B8,CREDITS,制作人员
/BE95A72D4F66389C437B4C83DBC625FA,CREDITS,制作人员
/086737426F76428DB94A7F15B6050348,CURRENT CALLSIGN:,当前呼号:
/705C1C51474E739030DB34B62166CB1D,CUSTOM REASON,自定义原因
/2F1917D242DB2042D8F455BEAEC8C7F8,CUSTOMISE DEFAULT PATCHES,自定义默认徽章
/37699E494E77C085E7A0748E34D6974B,CUSTOMISE PATCHES,自定义徽章
/392EBDF84AAB7848A09B779789565F4A,CUSTOMISE PATCHES,自定义徽章
/9A746C5148160894D24B3CAFBF45B2EF,CUSTOMISE PATCHES,自定义徽章
/B6A5DE294A646AC2140644B9D3B890B7,CUSTOMISE PATCHES,自定义徽章
/F0D4D91A46BCD273CDF83188A3494387,CUSTOMIZE ITEM,自定义物品
/194AC74E418B975899E6CCAF685702A6,CUSTOMIZE OPERATOR,装备编辑器
/8E9EAAE84C0DE06E608E1AB8199514CF,CUSTOMIZE OPERATOR,装备编辑器
/B7ABB245450716CE4B429FB4E9676DED,CUSTOMIZE OPERATOR,装备编辑器
/D82081E743742A376B58C3BA5FFF901E,CUSTOMIZE OPERATOR,装备编辑器
/DB9D944D43E04F645FBF41AFBFE297D8,CUSTOMIZE OPERATOR,装备编辑器
/B058C37D403BDFC2F8012CB7F541DAF4,"Cabins, ruins, tunnels and a militia encampment are on the margins of this snaking creek that runs through subtropical woodland.",小木屋、废墟、隧道和一个民兵营地位于这条蜿蜒穿过亚热带林地的小溪的边缘。
/494410BF4127FFE503FAD2983B2FDAD5,Camera Style,视角类型
/92EB7A254B6077D2F128DE80F3C93966,Camera Style,视角类型
/48880E6445768DC61F698F848A831B39,Camo or not,是否启用伪装/迷彩？
/261A3A184D8740D8B1CE4A8EDEDC98F8,Cancel,取消
/3750EC5B42B1AF31312E19ADBC1351E5,Cancel,取消
/4A266E344130EACE09871A900BCE59E2,Carry Handle Rear Sight,提把瞄具
/691488A04164B1130D0C4486CF41F8F3,Ceb.Cin,Ceb.Cin
/394D4E21488E51E829BF11AD99BC6AF1,Change <player> name to <reason>,因为<reason>而改变玩家<player>的名称
/E23C50FB4DE0C68D906A8EBA66946540,Change <player> team to <reason>,因为<reason>而改变玩家<player>的名称
/5D05083A4311C6C8627455BF6B123DC3,Change Camera,切换视角
/7086D8B6462E7FC1134E0DA2A904EAEA,Change Camera,切换视角
/EC4BD3AC49ABCC3333B5FE8FAFC93DDF,Change Camera,切换视角
/532C63214C710594378A04BC2837430C,Change Map,更换地图
/7513328A462B23DB2512598B0EBEF6C1,Change Map,更换地图
/A244C7054F436D9603EA9F83D560D83C,Change clock format,设置时间格式
/87FA78324A3013B1BA3F6591942579FA,Change map to <map>,地图更换为<map>
/1616DF3846E69D77FCF050AEF1E255F6,"Change preferences for controls, gameplay, video and audio options",更改控制，游戏设置，视频和音频选项。
/CE60D3C84B57EE46A6D5499B6C21F552,"Change preferences for controls, gameplay, video and audio options.",更改控制，游戏设置，视频和音频选项。
/A3FBD9604B0648BF8D6CBDA48C05426F,Change the appearance and loadout of your operator.,为你的干员自定义外观和装备.
/AA9CB8D74B7A92F63E1820B36134537F,Changes to enabled mods will not take full effect until you restart the game,模组更改需重启游戏后才会生效
/FD58D25E4BA1ABCA4F76748A0F35BD6A,Changes to enabled mods will not take full effect until you restart the game,模组更改需重启游戏后才会生效
/3971F53F4E8E20A2AC47D1B2C2F160E2,Changes will be lost!,改动将会丢失!
/E2AF09DE4A26CE4698C27BA8E6188AB1,Changes will be lost!,改动将会丢失!
/52808A2947D7F5442E57A892651284AE,Changing {0} of {1} admins to group {2},变更{0}总计{1}名管理员到组{2}
/6DDAF25B434E5CE7B14BE2AFD78D59C0,Channels,声道
/D34C656647AD92ADF17537AEF781005A,Character Class,角色类型
/0A6DF0254BC0EFD7463DD18797AC3130,Charles Schmidt,Charles Schmidt
/B5F50C5E40922F821DBCE984D4D7462B,Chat Display Time (seconds),聊天信息显示时间(秒)
/B8793AC44DD8EE050E8CC2862BBA9200,ChatType,聊天类型
/0453B2744228BFE8BBE2E992B60CB04F,Check how much ammo is left in magazine,检查弹匣内余弹
/7A8D4DD0454DAC79B73D9B9017510C39,Chest Rig (JAC),胸挂(JAC)
/29F3D39740C86FF271CB7395A6529665,Chest Rig (MCR),胸挂(MCR)
/52F32B6C499DA4E2AD5BBA9CE2D6B0FE,Chest Sling,胸前
/67EBB9944085415FFEC17F8C7FA073A3,Christoph Bockhahn,Christoph Bockhahn
/F846512249E1BB7FAA719D9960911CAD,"Christopher Deeb — Leviathan Group, LLC","Christopher Deeb — Leviathan Group, LLC"
/43EE83954598136D4BD37999FD9DA6C1,Clear default zero.,清除默认的零点
/E66C8C7E45EED9D23BF5C99E59C25447,Clear default zero.,清除默认的零点
/314204514E50F5652AE6E2AD1ACD10FE,Click Ok to proceed and lose current changes,点击“确定”以继续，并放弃当前更改。
/FA0A6CA44A9B67D1799F16A902A348C3,Click Ok to proceed and lose current changes,点击“确定”以继续，并放弃当前更改。
/566AB87940067EE4D762159B9D5B8F07,Click and drag to attach item.,点击并拖动来安装.
/A58266924974CDF17E09BFB65047B259,Click on the Ops Board to change mission settings and to start the round,点击行动面板来更改任务设置或开始任务
/B7BE066C4E4A51C889763795060572F3,Click on this part of the board to change mission settings to your taste,点击面板这个区域来根据您的喜好更改任务设置
/4DA77BD54993AC8B7891448662FCD41D,Click to mute this player.,点击静音该玩家.
/6F22C13B4F9D247BA2E68CB7C4E2E48A,Click to ready up.,点击以准备
/BC04B5784749CAEC92D438ADBF6E4147,Click to save or load a preset/kit.,点击保存或载入预设.
/DE3234E041915014547146843A9BD133,Click to save or load a preset/kit.,点击保存或载入预设.
/9158CDEA4A0FCF78FEE6319306041D15,Click to set default patches,点击保存或载入预设.
/7B2D13B14EF254579317A58B195CAFFA,Clicking me will kill the player:,点我击杀该玩家:
/08227EAA460F6BC99A3BB29FD2594DC1,"Client/Server network versions do not match, Please try upgrading your game version or contact the server admin to upgrade theirs.",客户端和服务器的网络版本不匹配，请尝试升级你的游戏版本，或联系服务器管理员升级他们的版本。
/649FF9754EB0D21523287989200B760D,Climb Down,爬下
/DE17776E4C1D1A6FFA7E88B297B9C232,Climb Up,爬上
/167BCC4140A45C8D3419FCA1F3563A0A,Close,关闭
/3670907B40C2DF3C406920AD5738DC7B,Close,关闭
/5CD6DD024941D8000BF8598CC281F3AC,Close,关闭
/75BE8C6C4631BE5B9BF034A6E0083BD4,Close,关闭
/826F264D499F2DB0FDFA02B2AD4946BA,Close,关闭
/867DFC1049EADD62C6D05DAF4A6C1686,Close,关闭
/B8FFE62D4D3E488A701273991586ADAD,Close,关闭
/25BD1D6C4134D6CF34DB93B5BC23ACE3,Close game and return to desktop.,关闭游戏并返回桌面.
/A46E1BB24C4E9F024C62728F7DA357F4,Close game and return to desktop.,关闭游戏并返回桌面.
/C47D9C41465E92756925E4AF519DA63E,Close menu.,关闭菜单.
/A2EC03564F1E6163E363089FE604CF06,Close without applying loadout changes?,不保存就关闭吗?
/A1558F8C4939A2C6460E418A55944303,Co-op Matches:,合作模式对局
/0BD25C31445B93D74510C4A6BF6606A1,Cody Cudmore,Cody Cudmore
/6CB8BE3D416307DCAA2A2B9953D03833,Color Max (Contrast),颜色对比度
/8F6ACBCA4CD2F8947AA5218F1542584F,Combat Boots,作战靴
/6DE1D8D241C59D4911EF01894C0FACE3,Combat Pants,作战裤
/5BBD68E54B0ED27F2A21A4815FAB07F6,Combat Shirt,作战服
/8AAB3E564DBC07AA323416A21A1BB74D,Combat Shirt (Rolled),作战服(卷袖)
/B82C15C44BF8C713F2FBFEBF4764DBED,Combat Shirt Unzipped,作战上衣(未拉链)
/293B78444E421785C12ED4A8012C9447,Combat Shirt Unzipped (Rolled),作战上衣未拉链(卷袖)
/0FACB23B433698AB0F89E289B73D7F11,ComboBox,组合框
/2F79E1BF45AAA7C043DE53B0353E1D87,Command Description,命令描述
/78ADE25D4E5FC27C8BD1E98E432655AB,Command Description,命令描述
/381B34DE46B827F691F3E68DEAF23A3A,CommandName,命令名称
/ABF8575647EFDD048C5288B43A5F7CEF,Common tags,常用标签
/5C35F6D84368385838EFEEADEEE2DDA3,Comms Wheel,预设通信
/F30F77CF4AF52E98F93EA9ADAD0850BC,Comms Wheel,预设通信
/3AE4DF524BE867949E9170BA8CF5B465,"Communication is vital. If you spot an enemy, call it out as soon as possible.",通讯是非常关键的，当发现敌人时请尽快报告位置。
/962B7F0748CFCC8B0B0F84B29B6C3D17,Complete,完成
/E39611954BD5AF539B83C1AF3365967D,Confirm reset all hints,确认重置所有提示
/C1DA1A984A365A0BCF269D88F68C2890,Connect,连接
/7B58BD7E404598D060DC96B8F80847FA,Connecting,连接中
/82228DAE494ADB0167D1C297D6E05CF4,Connecting,连接中
/C1EF7E0847160AFC8909D8823D735013,Connecting to,正在连接到
/8A8FE7524BAC8AE06F870B8605E07091,"Connection attempt failed, but no valid reason was supplied.",连接未成功，系统未返回错误说明。
/7220223C4771F0603CA2FCBB5EE0F431,Control Panel › Sound › Recording tab,控制面板 › 声音 › 录音选项卡
/747E19DF401B19A2F32AF39FF4307944,ControlledPairs,受控对组
/0298369E450449E11A81EF8A9ECC4DB1,Controls,控制设置
/CE396F1C441DCF4239A36CAF72EADD59,Copyright © XXXX BlackFoot Studios.,版权所有 © XXXX BlackFoot Studios。
/8DC89B9543B93DFC80C8CE9A46CB5945,Copyright © {0} BlackFoot Studios.,版权所有 © {0} BlackFoot Studios。
/16607C8540ADB638240D3DBB04ED8193,"Could not match {0} with a front sight post.
Either front sight post is missing or rear sight is too high for front sight post.","无法将{0}与前准星柱对齐
前准星柱丢失或{0}相对于前准星柱太高。"
/8A65D823495A4EAAC5B26884B8CE5AE9,Counterweight,耳机
/6B7010314A4481AD85262188FB7B1C89,Coyote Brown,狼棕色
/23A691564FEBC91B277A66B4E282F2AE,Create,创建
/BCE9E51A4834540D685929A3ECB80423,Create Mod,创建模组
/C31163E74ACEBE1E76BD968E7A735A7B,Create a listen server for online multiplayer games.,建立一个主机房间（可在线联机）
/BE8ECF9141EBD4EFBAF03794127C5035,Create a self-hosted listen server for online multiplayer games.,建立一个独立的主机房间（可在线联机）
/5DF1288847BDE29B008EFDB85AFDCF7C,Create a self-hosted server to play online with your Steam® Friends.,建立一个可以与Steam好友一起游玩的在线服务器
/A8710313429AB62F4EA347908D8B432D,Create new mission?,创建新任务吗?
/FEC6757A49945740BBF5F2A4343B7E6A,Create server?,创建服务器吗?
/270E7C0F41762066C4618E9F8D7435D9,Created script.,已创建脚本
/81B30C6E44521E00296C55864E7F7B0A,Crouch,蹲伏
/C518E96D4B389C7EF3B31AAA75F6BDB0,Crouch,蹲伏
/40EA5EA14BE99C0CA0A14C91F61E97B6,Crouch Type,蹲伏类型
/756AAA1949B3BFAB861C06B6E1CB8C3C,Current Map Only,仅当前地图
/C09A55DC49FA4BD5B6D7EE864B2AFABF,Custom,自定义
/2286EDBB4A9CEC7E548D32A91BAE6AC8,Custom Text,自定义文本
/819D57FD4757245C3C2381BBCA40FD2F,Customize Operator,装备编辑器
/6CB6880F4E2C496A7CA651AEBAD8BB3D,Customize the appearance and loadout of your operator.,为你的干员自定义外观和装备.
/FB17F6234BB87097161B0E958A553753,DCP,分布式控制面板
/AB5A0C46487C9713E5F442BF970F750D,DEBUG,显示Debug
/BAE55AED48047402AA9ACAAEB9922ECF,DEBUG,显示Debug
/73E4DDAD419ACBD4A9F57DBCF2204708,DEFAULT PATCHES,默认徽章
/8D2ABD2D4D9CB2737F89A1B34B38FD5A,DEFENDING,防御中
/CF3E98204CF96DC5E31F8BBC9FA5262E,DELETE,删除
/D98165BC41E5B942D5B707B185105EAB,DELETE,删除
/6A8951EA4D5968B49815AF8F81BFE2D1,DELETE MOD,删除Mod
/7C5FBA8C4A9F4294C2846BBD5B09B06B,DELETE MOD,删除Mod
/9E06F1894618BC8BA2B8AD88ADA8B416,DEPLOYING,部署中
/9ED68F074E6ED6939D16B0BE1E666AAE,DESCRIPTION,说明
/DF0E0FAF48817304DB081E934651B3C8,DEV BUILD,开发版本
/1263423A4D2F83E339AC3C9F3D837C09,DISABLE,关闭
/75A334B44520FD80F1FE10BC38B58778,DISABLE,关闭
/9702AE7E41C5CFD3EC1CA5AEDF16292E,DISABLE,关闭
/39A1A1664772404D876C7BB62B1B2E48,DISCARD,放弃
/A17E45A4465962970FBEC1A3BCFD1024,DISCARD,放弃
/0DE0C7FB490280BB0BED6E82D841A4CB,DRY FIRE,无弹
/FA89B82844D817D43F91B3B6B1356B21,Daeln Murphy,Daeln Murphy
/BAF73E89496F08E5524B84BB0831C4C0,Dan Conroy,Dan Conroy
/03E49D124E6BCA4F6606A783B2952898,December,12月
/99AE500F40C4CA3CC843049962B95EE0,December,12月
/B0CF52AC474032FADEACC980141E889E,December,12月
/FF41C357481D6E7595C374AC87F6CC96,December,12月
/DC3303C04EEC0943EF1ECAA0CDC2B296,"Decrease the priority of the mod, so that associated mutators are called after mutators with higher priority",降低该模组的优先级，使其相关的突变器在优先级更高的突变器之后被调用。
/164C4CB648B11BC5848F5195F923A2E3,Default Fire Mode,默认射击模式
/CA119C7A48ED6A33D58565B65F0D8572,Default Input Scaling,默认输入比例
/BB7885304B542A58CE84A3BA829AC906,Default Off-Target Position,默认准备姿势
/630DCD0948556DF1EAFDDBB5B04EDAA5,Default Reload,默认装填方式
/4C57159C4A282ECB60D1DEAC93F85209,Default Reticle Brightness Level,默认分划板亮度等级
/8E76661C46F3DCA3FFF83A8E74D5BF8C,"Deploy to CIA training site
""The Farm"".","部署到CIA训练设施
""农场""."
/6973CCE64CB094EB978C6CB656091E37,Deploy to Camp Peary Training Facility?,部署到皮尔里营训练设施吗?
/9DEB617D4AD4869439E34BAB77ADD5F3,Depot's compound area. Access to the surrounding woods has been sealed off.,仅建筑区域，通往森林的道路被封闭了.
/03274EA74A68F71F183F2098A5BC1BAD,Description,描述
/C5E231EB4EB0853B2DF8ACBA1F52C6E0,Description,描述
/8B5CF5794B3162373593D7886833F973,Descriptive Readable Name,显示名称
/ECC44F814DBAF80C8BA272AF37B6CB0A,Desert Tiger,沙漠虎斑
/79CA63EB4BFA56F4B6D5668916EB7D36,Detail Mode,细节等级
/BE7C86D04909A20AA39A4E90355414E3,Determine Squad Ids,分配小队ID
/BA6F63AD4894A0D9C59C4A9367F3A3D8,Detonator,引爆器
/C5E76C3E439DF0199F6F0C85EC2F63F2,DevTest Branch Playtesters,开发测试分支的测试玩家
/3FAA80D14DD9453DF4C3B990965CE80E,Develop your skills in various training environments.,在多种训练环境中提升你的技能。
/0D0C3C1244FBD98FBCF0D8A089548A53,Difficulty Level:,难度等级:
/1ED667ED4C3A9AB71E336E87B420B440,Disabled,关
/76EF657D48FEF4A723172D9D662319E8,Disabled,关
/9831A596455392985319438D097AC390,Disabled,关
/9EC0D4AB4896B6D166297DBFF43B5262,Disabled,关
/B6AE5E9D41224ED5332ABFAC4A11577B,Disabled,关
/21907E404DF7FD9A981C7092980EE650,Disconnect,断开连接
/055A4E7D44867C93D1867DB2AD2B932A,Display Name,显示名称
/69F7D0F047AE564D9C6C0F9268DF9D08,Display web based MOTD?,显示网页横幅吗?
/2D33CD1F45DF60A4EBB94C8BAA4C7793,DisplayText But Longer,显示更长的文字
/9EBCFB1940DCB02B5162E8A826B53E05,Distance,距离
/B6C4AB944275E99D78006D81A55C5EA2,Distance,距离
/FE7588174282B5B68ED239B5632710A5,Distance Field Ambient Occlusion,距离场环境光遮蔽
/119F1E274600FB04F79ED09D5315F90F,Distance Field Shadows,距离场阴影
/4106FF7C41D9F208819195B57DEF9F0B,Do Nothing,不做任何事
/0E57D8D54FD5193276D1E98C0BAD6E74,Do not show this message again.,不再显示此信息
/DDE6EF624C0817F2914FCA81CE2FFD45,Do not show this message again.,不再显示此信息
/AEAB6C6547F39E9465E3B0983D75EE95,Do not use patch,不使用徽章
/F84D99DB42741E8787788AAF77C74EDC,Docter RMR (Flat Mount),Docter RMR(平导轨)
/1D1E31094A2640954C75059C2C78811A,Docter RMR (Low Rail),Docter RMR(低导轨)
/B4C0E14246F3BE8EC4CC539ED730DB8A,Docter RMR (Tall Rail),Docter RMR(高导轨)
/2A9685734CADE0F3EBBCAF80EDC7F479,Don't forget to equip a NIGHT VISION DEVICE before night missions.,在夜晚的任务中不要忘记佩戴夜视设备
/1DB3E5D34EF6481BD3F7FEA0EB2AC541,Done!,完成
/E6A982364B836A26E20829BD25736EC0,Double-Click Time (milliseconds),双击时间(毫秒)
/79DD71EF43F53F25FE3679B437545F36,Drop 1 Mip,降低 1 Mip
/F232E16246E03FC81652FC86265E9314,Drop 2 Mips,降低 2 Mips
/CEE2E3CE47CFA1AD1EF37EA60E7C305F,Drop Item,丢弃物品
/F52802DC4E9E75286557D98EE6EAE8D3,Drop Item,丢弃物品
/51D54B414CD1A3344473AE84991CA859,"Due to team restrictions, the following items were not applied :
{0}","以下物品因阵营限制未生效:
{0}"
/EFCC13AE4D452A07809DC1B4EAFB40BE,DueRag95,DueRag95
/13098B974BCA74A9FEF1E997E9571A0F,Dump Pouch,弹匣收纳袋
/E047E253417ABF160B338E834B9E98DE,Dynamic Range,动态范围
/943B263148ABD53514329E942F9AAA30,EARLY ACCESS — PRE-ALPHA,早期测试-A测（ALPHA）
/97FE264E4CF7E11534FCF4BBD4BCE39D,EBR Extended Riser,EBR扩展增高导轨
/7966622E4974DFDAF81BEEB1916162F6,EFFECTS,效果
/A400CAD64D07B6F5D8C1009EDFE62323,"ELEMENTS are used for team coordination purposes. Players are assigned to ALPHA by default.

·  To join a different Element:",“小队名称” 用于团队协同。玩家默认被分配到 ALPHA 小组。 要加入其他小组，请：
/D73BDD6448D88E5BA1BF35851E270975,ENABLE,开
/671BD772428C7627E9828E9808C198EC,ENABLED,开启
/ADA3C229450440DB22DBC4B859AB6015,ENCUMBRANCE,负重
/577A167D468E809496CE0092B5F5C2E6,ENEMY CONCENTRATIONS,敌方集结点
/B85031AF4585A8ADA790D79C49AD665F,ENTER STRING,请输入内容
/F73B0EF3482403326F1077B8D39B0A8C,ENTERING SPECTATOR MODE,进入观察者模式中
/80B30023420FDFD0B98A43BD5514942E,EQUIPMENT,装备包
/9B3D6CF642601DD4FB24B88DB8BC98EB,EQUIPMENT,装备包
/485AD4BA40808B6A5145E6845888FAC8,ESC,ESC
/610D41EB4A9EA033265258B7E500294A,ESC,ESC
/960558C6412EB3D9998EC194162DB64D,ESC,ESC
/7CB7679643699B5E280762B8761425EF,EXIT,退出
/D090D5014F7563344E57108A488EF9A9,EXIT,退出
/8A34A4E44360F2C0EED8668587BF99ED,EXIT TO DESKTOP,退出到桌面
/FAE66D68473608611DF66184C332DF79,EXIT TO DESKTOP,退出到桌面
/708242DA4C931D4968F1E293A5AC7845,EXPIRY,过期
/6AB7446E455F5A987ED56B9DADECFB89,EYEWEAR,眼镜
/8F03210C45942DD57920EE93E0B9678D,Eagle Eye,鹰眼
/38DA0A274AD02FA14D2C2382363A89B5,EasyCo,EasyCo
/AE0BB0A44271F0A56EA7DD8A46D588C5,EffectsQuality,效果质量
/7D162A6248B6C9BFFEFD1C9BBCB20EFD,Enable/disable default 2.5 input scaling.,开/关 默认的2.5输入比例.
/3D99C3D64C46309851273F9CD6F869C2,Enabled,开
/B379AF2D4312A7D478954EB7D6BF30D2,Enabled,开
/B7D284AB4C401D872DD4888130C93308,Enabled,开
/C19E102245CAB970D37DD0BD3BEE7119,Enabled,开
/42C13C8149F7113BBED9939063A2908A,End current game and return to Main Menu?,结束当前游戏并返回主菜单吗?
/99F195F0471E021D9E3E2B918E306A0D,End current game and return to Main Menu?,结束当前游戏并返回主菜单吗?
/217126F747532A28FB5401A5397CA92D,End game message,结束游戏信息
/213E03DA478B4B478B0DD3B444E6815A,End the round.,结束该局
/BE32B46C4EC3858DB80A30AA5D77AE6A,Enemy Blips,敌人标记
/740EE2C741428BC5C9A645B76AAABF84,Engine Version,引擎版本
/3B16708E4CF5CFC270F0FE942967D653,Engine: {0},引擎:{0}
/DBD5469645222FF684DD67AF5563891E,Enter custom reason,输入自定义原因
/C7EE6C394109129B8232E9A762C904C9,"Enter here to choose your kit, test your weapons, select mission settings, and start the round","进入这里选择您的装备并测试武器, 选择任务设置并开始任务。"
/12596092427FA4B4451B61BFE9E3F650,"Enter map sublevel names, separated by commas. Typically in the form: <Map>_Mission_<GameMode> or <Map>_Mission_<GameMode>_<Variant>",输入地图子关卡名称，使用逗号分隔。通常形式为: <Map>_Mission_<GameMode> or <Map>_Mission_<GameMode>_<Variant>
/5262F182431583C7DDD71E9318663C34,Enter server IP address,输入服务器IP地址
/9B4BF90E4B066A11176B7F81CFEAC9F0,Enter the Operations Room to review the mission details and parameters.,进入作战室以查看任务详情和参数。
/B2CCA37C4E69C263D252948A8BC3A8BA,Enter three-letter callsign,输入三个字母组成的呼号
/C3A3FA9F42A59D6CDA30D59EAFE95EA0,"Enter variant name. Usually blank, this can identify variants of normal missions, e.g. ""Top Deck"" for ""Rig (Top Deck)""","输入任务变体名称（通常留空）。可用于标识常规任务的不同版本，例如：""Top Deck"" 表示 ""Rig（上层甲板）""。"
/103B3392455CA5CD3D6C56B13451E6CC,Entering Ready Room...,进入准备室中...
/459B44204DA0CD59F6E4B28E3AE2DE08,Entry,进入
/9A4DF682466310BFED5BDAB3E65F9561,Epic,最高
/DF52DDD54F4EFD1F046F91BBB7AA70D0,Epic,最高
/2A694993436AB1E840E3A09067E6DAD9,Equipment,装备
/B32B572040A13F299C5A81BDE9728752,Equipment,装备
/D6F455FB4AA1DBDDBBAA3D81F5BD14FD,Error,错误
/4F1F546B418D17C9EB0BFE9CBC3243A4,Error Message,错误信息
/125E078645823F7AE87E34B15C94B3BD,Error Title,错误标题
/FDFC159A481B29CC36621CAF7866A4E1,Error Title,错误标题
/B370F96748596CA8336A7292C18CAF84,Error string provided: {0},错误说明: {0}
/50E481E84A1C01D6539D17818571D9DF,"Ethan ""Wader"" Wade",Ethan 'Wader' Wade
/6D950DC349DA235AC287FA8DB0EBBA1B,Executing Admin Command,执行管理员命令中
/5C89EF944BBAE344AC48A9A69A926F07,Exit,退出
/1F1312CB4633294D9625DDAAFAF1D3C7,Exit Menu,退出菜单
/4DCFCFFC43475D209B0E2DAC73A36A4B,Exit game and return to desktop?,退出游戏并返回桌面?
/680AA9EB44E523D8C83DB993EC92528D,Exit game and return to desktop?,退出游戏并返回桌面?
/8BEC24AC482BBDE7FE737E9565D2A1D2,Exit to Desktop,退出到桌面
/D0619014422C986CCB0BA6911A6FABC7,Exit to Desktop,退出到桌面
/911E94D14707DB639E478E883D602951,"Exiting in this drection
makes a player NOT ready.",从此方向离开将取消玩家的“准备”状态。
/F954014546FE814D8A7DD7B1E73FE54E,"Exiting in this drection
makes a player join a team
and/or allows the to kit up.",从此方向离开将使玩家加入一个队伍，并/或开始装备配件。
/B68F4F61408D0451865E7CBD2F459D17,"Exiting in this drection
makes a player leave their team
and/or prevents them kitting up.",从此方向离开将使玩家离开所属队伍，并/或无法再装备配件。
/36DC7E554F92B4D85313A1BE4C7D6077,"Exiting in this drection
makes a player ready.",从此方向离开将使玩家进入“准备”状态。
/2316A3F449C2C4006CF7A682CA002F77,Experienced,训练有素
/AC63839D4E455068417663A8B04DA877,"Explanation that can be fairly long, like this one I'm trying to write just to see how it looks for testing purposes.",说明可以自定义长度，例如本处的例子就是为了测试看看它的效果。
/9618EB0E4F5C61E2D57AE5B8ED674354,Extraction Point,撤离点
/B516FE63473F83D5121839B699355587,Eye Bias,眼球位置偏移
/FB95A7664D1D9A6D644B0490758052BE,Eyeshield (Clear),护目镜(透明)
/838C16A34C8038E0504FE9B6561E51C0,Eyeshield (Dark),护目镜(深色)
/4A6B744F4B70D670CB7C20BE18268FC7,FACIAL HAIR,面部毛发
/CAEA571D467489E9671949A862BA1467,FAL 20rd [7.62 NATO],7.62x51mm 20发弹匣(FAL)
/8E43439F49C5F02123A7388849AC5129,FAL Tactical,FAL战术版
/AA9E8D3B4704271420BB468090356763,FAL Vintage,FAL经典款
/812F94614797FD510A86769812B6C0E9,FALL-BACK PATCH,回退补丁
/4132F9444F58C75CD5B97C98F468BB38,FILE NAME,文件名
/07D0005A43F89E78887099B1F471E554,FILTERS,过滤器
/0F55846E471FF45878181EA8BF7EED6F,FILTERS,过滤器
/958F3CA14B4240A545947A8B6279634B,FLAG IS BEING PLACED,旗帜已放置
/333B239D47A6A3F9F2944491860F8911,FLUSH,闪光弹
/B9BFACA846D202D633DF42BA7AC201B6,FOOTWEAR,鞋子
/B2BDBF3F48B3838A708908B213BFDFD0,FORGIVE,原谅
/B6A69ABE46E4EEBF547C8BA4E493F7B7,FORGIVE,原谅
/A7CECEC24FFB13D1E926C4B5A3775B68,FOV (Field of View),视场角度（FOV）
/376BA7434B90675A628BD2AED431A450,FPS: XXX,FPS: XXX
/6C21CB574D8D7FB7AEF6B3804DEF049C,FPS: {0},FPS: {0}
/907E57B244A5C92D1BA9EDB214796A09,FRAMERATE,帧率
/0AEEF8924C6542ED17F9BFAC94FDC45D,FREEAIM (DEAD ZONE),瞄准死区（浮动）
/C30B9F1A4FE857C9369F24B994AFB974,FREELOOK,自由观看
/2B05259B479275B419D231974273747B,FREELOOK IS IN USE!,自由观看已启动
/EA2FF840436BCC5F591354BB37BE443D,FRIENDLY FIRE,友军火力
/F82934F7484C5C57F4CF55B9D5F11D89,FRIENDS LIST,好友列表
/9E30283E46A5AB87CA0A69847B3C1754,FXAA,快速近似抗锯齿FXAA
/4CEF8AD7416FF537CB75499596E7BCDD,Failed,失败
/DA8137FF4E7D097FA9427E83CAAA0FFD,Failed,失败
/3C4A6C2C48131DD456F052926A25BAF0,Failed to create net driver for listen server.,为监听服务器创建网络驱动失败。
/E54F030F4377E09AEF81FF9FAD5E925D,Failed to create script.,创建脚本失败。
/E703311742268306102719BBCFA11A84,Failed to save {0},{0}保存失败
/F19C7CD148B24FF520D14081406349DF,Fair,公平
/4A6EF2B64A0C5298B13CDFA0C652496D,False,否
/795EB91347067733F99C4DA13A9DC216,False,否
/79D108DF41D425A042FDA39A35A214F3,False,否
/C3579C714696BDE5C6E11981B1B80101,False,否
/E22D4DD748823C7AD90D29B888867B5F,False,否
/EA124F554AB9EA3341BBB7B5BD97E012,False,否
/F8C2B45C43808A96A195B7A5CE4480F8,Fast Blur Threshold,快速模糊阈值
/E3BBE9764B65E7CECCCBFC90CF8AB426,Faster; discards used ammunition,更快但丢弃剩余弹药
/54FA296A44B26EE19AE1FE90BDF24DDD,Favorites,收藏夹
/949D5E5E46A3132543A4E49CC96C6452,February,2月
/9D13266242502DE0A80CB893C6248DAD,February,2月
/A3D752EF4D96EFD187BBD296F55D20FF,February,2月
/F1113EAD456F3E23B0FE689FB1E4427C,February,2月
/5A4A083A4F7945A7651507972B8A6D64,Field of View (FOV),视场角度（FOV）
/0D5D220C4085A36D7E85C8AE9DFB3F54,File Name,文件名
/8DBF4E3A428932F81D6470B0D76115E3,File Name,文件名
/CC6B58E245C0D647A3B2298641999BAA,File Name,文件名
/F6211DA549E45DABAD178F8E46330E79,File Name,文件名
/108C9AC54E9B6B0127029FBA2BE7F033,Filter by name:,按名称过滤:
/973335714F7927888D0DA5B320D66E06,Finished addng {0} new admins.,完成添加{0}新管理员。
/5AF8ABC1410746BC9830A1A58CC2BDB7,Finished banning {0} players.,完成封禁{0}玩家。
/84446B2645DE8D7B308556B31588FCE1,Finished banning {0} players.,完成封禁{0}玩家。
/E34BDE694A62B7778B23C3952F8641B4,Finished removing {0} admins.,完成移除{0}管理员。
/E18BADEA46A58EC984D5049F83BC099E,Finished unbanning {0} players.,完成解封{0}玩家。
/15B03CE5435CB1615B2D26BB49CF37E2,Fire / Throw,射击/投掷
/27DD74D541283B80CDA10EB2025C9118,Fire / Throw,射击/投掷
/1C264F95401DD1F35EEFFB8676ECEB5B,Fire Mode Selector,射击模式切换
/7CE21B58486F0321A439A8BF8EB947FA,Fire Mode Selector,射击模式切换
/20AB9E234ED5EC1EC87708AFF25FB0D6,Firearm,武器
/65DD76534DA1DB13FB70468EFC74DC3D,Firing range,射击区
/BE522A0E4ADFBCAD65E68CAE582E3F0D,First Person,第一人称
/D4FCFD9240221B2B07FC53B0832BCF51,First Person,第一人称
/3539FAD146B87318827949B3D2626204,Fixed,固定
/AB46A75742A2352455B5BAAA832643D0,Fixed Follow,固定跟随
/0299AF2F419E1D419521E894A1B40045,Flag,旗帜
/5C340F244E34532C6CA201B2467E329A,Flannel Shirt,格子衬衫
/724AC7B04180F3F02E6E38A1561A17F4,Flannel Shirt Tucked,格子衬衫(塞入)
/BF58D4AF4798418151DA0A9465EC1777,Flash Grenade Pouch,闪光弹包
/987FB4374086FA0B1C14C68154A874D6,Flashlight Handguard (MP5),MP5护木(配战术灯）
/A2EF263040222144F17E50A3B22F5428,Flecktarn,斑点迷彩
/60E6A12440D55B28C1ECDE8664D02A2B,Fleece Beanie,毛线帽
/C7DF88C849F06A8E1B8B8FAF8D9564BB,Fleece Hoodie,抓绒连帽衫
/564CFDEE47F0D683E50582A9C5099BAA,Flip Magnifier Off,放下放大镜
/8835C4C7448D7E9DCCFD91A8B138F776,Flip Magnifier On,抬起放大镜
/D83C49674ED2919BEBB03ABE4407AFA0,Flush Persistant Debug Lines,清除所有调试线
/9BABC9614B1F91365D2B5EB29D802EB8,Foliage Green,林地绿
/62012C034573CEEE3BFA60A64A3E3B86,FoliageQuality,植被质量
/4A0EF87A4D68BF83D9F5BA9CD650298B,Follow Next Player,跟随下一名玩家
/F2D9B4A54F78D9A4504C83AB0A09E164,Follow Next Player,跟随下一名玩家
/39A27AF743CC4D3B2BD18C9CAED8DBCE,Follow Player,跟随玩家
/0779C833435D313BFBFDCBB67D6A6A07,Follow Previous Player,跟随前一名玩家
/FB9482A741829822F6AC22AC94F93E0D,Follow Previous Player,跟随前一名玩家
/CC423ED54886575129C6D7937D3D6AA0,Forecast visibility:,预计能见度:
/53E452F24101C1FE59C5C2872EF42F8D,Forfeit,自杀
/836DFC9447D43A64998AD48C453029EF,Forfeit,自杀
/43C80F8A4F0AA123AD7349BF90AC4B2A,Free Cam,自由视角
/F6D5DEE04437E9BBD095848D68343545,Free Roam,自由视角
/3ACA753D43D7343329DF39AF5B933A0B,Freelook,自由观看
/844747D649DD422C17C57481D5CBFA42,Freelook,自由观看
/F0A4093DCD814750B4801E822DAB8F13,Freelook Sensitivity Scale,自由观看灵敏度比例
/2E2D96B9495DE8BB76C588AA34111E90,Friends,好友
/7C7C0D06474647FE981B11A8A52D237D,Friends List Settings › Voice › Voice Input Device,好友列表设置 › 语音 › 语音输入设备
/39D47FB64ACACC66097C80926F8C9649,Full,完全
/40E490B345AEDC2A437B2DA6149F35D6,Full,完全
/A016D7A844C545299FF99186A6D03954,Full Auto,全自动
/79EBB90A4F2C47AAA8C48EB31D614807,Full Reload,完全装填
/4D1F162D440CD0D7D0AF2E87AAFC327D,Full Resolution,全分辨率
/0D66D4AA42832FD7AA6568BC7CA6512B,Full Screen,全屏幕
/9FD8CB1F43A17BC60C97138534C37CD9,Full moon,满月
/80BA26EB4834F8EFB35593B94E65347F,Full resolution provides finer detail while half resolution is faster to render. ** Requires restaring game to take effect.,全分辨率提供更精细的细节，而半分辨率渲染更快。 ** 需要重启游戏生效。
/245BF600440F60AB646CE7937CB8E92F,G19 15rd [9×19MM],9×19MM 15发弹匣(G19)
/19901E764B7DA4BB928582BEB6C3CF9A,G19 20rd [9×19MM],9×19MM 20发弹匣(G19)
/D8CE55BD492365522CE87DB2F4B5BA47,G19 Patrol,G19 巡逻版
/5A9ABD624DC7C908FFDCF585DA6A8DF6,G19 Urban,G19 城市版
/AB17B8E44D48222B7FCD8FB2332125C6,G3 20rd [7.62 NATO],7.62x51mm 20发弹匣(G3)
/6EB420484BD6AF5BFCA0428C8792F617,G33 Magnifier (3x) (Black),G33翻折镜(3x)(黑色)
/F55B0800450196D2F158E79B7A0699B2,G33 Magnifier (3x) (FDE),G33翻折镜(3x)(黑色)
/1D01C0A048D18741FECB719C1003C1D1,G3A3,G3A3
/EB2F39A947DC0EEC2DB3D4AD3080CE3F,GAME MODE,游戏模式
/987EB5C24D83E64FF7931F8816A9009A,GAME MODE NAME,游戏模式名字
/04DB8CFE4D3BEC155E71C793D4A28D1F,GAME RULES,游戏规则
/47FD167742C66F3D4A4B0B817274CCB9,GAME TYPE,游戏类型
/1B56F6F04E68CD5556C99695EADE8948,GB Discord & Steam Forums Regulars,GB Discord 和 Steam 论坛的常驻成员
/B3F8C47C46CD6A115B5A8399E42BD06F,GEAR KIT,装具
/F6C8794D499809CBE4F4A68300F15036,GEAR KIT,装具
/4C337A3246D12142F104BCAD6082285A,GENERAL,通用
/1F453F4F45D989750D4A49B308B7BDDD,"GENERAL TIPS:

• Approach and click this board to change the current time of day.

• To customize your loadout, approach a workbench and press [F].

• Before entering a shoothouse, use the TargetApp screen at the entrance to set up and time your run.","通用提示:

靠近并点击这块面板来改变时间。

如需改变你的装备，靠近工作台并按互动键。

在进入射击屋前，使用门口的TargetApp屏幕进行配置。"
/347CCCFC48736B7B3FE4499977C3200B,GLOVES,手套
/294091094E003CD3D772E1AC613EA04E,GPNVG-18 (Green),GPNVG-18(绿色)
/7071915A41E7867AB596928E5CE25AD8,GPNVG-18 (White),GPNVG-18(白色)
/C618B90646B52562870D89B3A274282D,GRAPHICS,图形
/DA2B39D74404E8D8F89A08A35AFA2287,GRENADE HUD,手雷HUD
/650C6FF54D28B6A465CE349A2EF59ED7,GRENADE THROW HUD,手雷投掷HUD
/04FADD5D47F232F5D79BE0A018BC43AD,GRENADES,手雷包
/0B4852AD488DE85C5276DEAFA796875B,GRENADES,手雷包
/D86AEA9F4C9F004E242B2D865A8D9BB4,GRENADES,手雷包
/8F297A774479BCE7F8792689263AA1EE,"GROUND BRANCH, the GROUND BRANCH logo, BlackFoot Studios, and the BlackFoot Studios logo are trademarks and/or registered trademarks of BlackFoot Studios LLC.
GROUND BRANCH uses Unreal Engine 4 © 1998–2021 Epic Games, Inc. All rights reserved. Unreal is a trademark or registered trademark of Epic Games, Inc. in the United States of America and elsewhere.
GROUND BRANCH is distributed via Steam © 2021 Valve Corporation. Steam and the Steam logo are trademarks and/or registered trademarks of Valve Corporation in the U.S. and/or other countries.
GROUND BRANCH is published by MicroProse. MicroProse and the MICROPROSE logo are trademarks of MicroProse Software Pty Ltd in Australia and elsewhere.","GROUND BRANCH、GROUND BRANCH 标志、BlackFoot Studios 以及 BlackFoot Studios 标志是 BlackFoot Studios LLC 的商标和/或注册商标。

GROUND BRANCH 使用的是 Unreal Engine 4，版权 © 1998–2021 Epic Games, Inc. 保留所有权利。Unreal 是 Epic Games, Inc. 在美国及其他地区的商标或注册商标。

GROUND BRANCH 由 Valve Corporation 通过 Steam 发行，版权 © 2021 Valve Corporation。Steam 和 Steam 标志是 Valve Corporation 在美国和/或其他国家的商标和/或注册商标。

GROUND BRANCH 由 MicroProse 发行。MicroProse 和 MICROPROSE 标志是 MicroProse Software Pty Ltd 在澳大利亚及其他地区的商标。"
/5075027944657ABC52E3B086D618EFB5,GROUP,队伍
/442E65554D323FE62035939DCE992C46,Game,游戏
/1781A5D641037124EC8912A2EF8C71F3,Game Mode,游戏模式
/5B1B172A40A11178F355E493AEAEDF1C,Game Mode,游戏模式
/827FB1F647388772198DFE9E4AD9CFA9,Game Rule Name,游戏规则名称
/EF657493453184546F56739D4A01A444,Game Trigger,触发器
/949B23D4405B2541AA1E918A7C118A1F,Game mode author: {GameModeAuthor},游戏模式作者: {GameModeAuthor}
/61078AAB43F199464D415BB1D6DEF665,GameMode,游戏模式
/8AEF6B76453EC51113305C80BC6F5FDA,GameMode,游戏模式
/9392EED944D79C99584D548A6698D4F1,GameMode :,游戏模式
/12E4A91B4233555BFB6284BD611A680E,GamePad Button,控制器按键
/A62227E145854DD8B55DD3ABB5555738,Gamemode,游戏模式
/7A1D520E45FA7E2495277389A3F7489F,Gameplay,游戏设置
/61B014C44035CA453820C69D527E7D13,Gamma,伽马
/6142A2B743F2FF2DCDAB22ABE51F968A,Get ready...,准备...
/04ACAB774B4AECB3B4C1BAA56D071EF4,Ghillie Hood,伪装套头
/4A26B4B74DA0A43DF9C4D39AD689870D,Ghillie Pants,吉利裤
/B413DF6548EF4C23AE657C8490D5B24F,Ghillie Pants (Cover),吉利裤(伪装)
/729B7DD7497BCD6DF4CEEAA1869FB9A0,"Glauco ""Scopey"" Costa",Glauco 'Scopey' Costa
/F8763CB94BBBA5C38FEE75AA82598BCC,Global Chat (Text),公开聊天（文字）
/241FC34E47A7C7A86B317E84E98E0F87,Go here to test your night time shooting setup. You may want to equip Night Vision Goggles or a Night Vision sight first.,进入这里来测进行夜间射击测试，您可能需要先装备夜视仪和瞄具。
/52261D6A4B5646B258CB15B2C2A9D8B6,Go here to test your night time shooting setup. You may want to equip Night Vision Goggles or a Night Vision sight first.,进入这里来测进行夜间射击测试，您可能需要先装备夜视仪和瞄具。
/C488654F4A7AF13FD382CF83C6670B83,"Go here to test your selected weapons, and to tweak your loadout at the weapon table",进入这里来测试您当前的武器以及在工作台处调整装备
/52D4C82742122C40256345B59EEEA6B5,God Mode,上帝模式
/2ED18E1D4587E178623322AF0ACC6A5B,Goggles (Clear),风镜(透明)
/51FFDB44470EBFF2E5F47CA39AAB68CA,Goggles (Dark),风镜(深色)
/CAD7D244475E945F18DF8C8467A884DF,Good,高
/DA2088E84D187BAE2AB10C88D25CCC62,Good,高
/DA550CFD467736E480A75AA91732F4F0,Good,高
/E680942A4EB76B5629A5F688B4712ACF,Gradual Swing,逐渐打开
/001424A341D32DB3B4E92BA5AAA00E88,Green,绿色
/79E6E4BB4ABBA61F98814C830FA5B16F,Grenade Arc Color,手雷投掷指示线颜色
/825DA01B4C16832D8A9D67BF4522BA69,Grenade Impact Color,手雷撞击点颜色
/238BDC0F4C30BDC3414024924729AC40,Grenades,手雷
/766AB5AC45EBC56B27C499838EAC0423,Grenades,手雷
/B69286564DB77600643497BF415BA13C,Grenades,手雷
/9236382549E0658160FE2092FD1BD114,Grey,灰色
/32BCF96E46E154AF19460996850E1DD3,Guard,警戒
/93DCA5A84751A427BB7AAAB9E263B7AA,Guard,警戒
/07AD7DB74E849C75C4EC0FA8857D31DE,Gun Belt,枪械绑带
/7289926C463FFA0E4120559527F86520,Gunfighter KAG 1913,战术握把 KAG 1913
/DBBF74B34E1B15C21F47F3B1766A2B29,Gunfighter Mod 3,枪手 Mod 3
/A236776F4C62A07B9BCD708E83EEC5B1,Gunsmith,枪械改装
/44E50A5342A8E562ACFB2B9E872BBD47,HEAD (CENTRE),头部(中央)
/EAA2C48F4547BA8AB860F8AB46D92612,HEAD (CENTRE),头部(中央)
/0749149F4A8098958F9FBFBA09C2656C,HEAD (LEFT),头部(左)
/54DD7ADD487A4FD985C1D5B99CB08691,HEAD (LEFT),头部(左)
/4B694AAB40FE8FFA62CE419145B7E378,HEAD (RIGHT),头部(右)
/84B164A04A8FE97CC883D4A4CEBF7803,HEAD (RIGHT),头部(右)
/125C24664FEBD15ED36F86BD5892C217,HEADGEAR,头部装备
/19B1E98D43F93E86BD3C8189A0A83BFB,HIDE FILTERS,隐藏过滤器
/4CA75DDB40A06ED9277BF7A5C148497C,HIGHLIGHTS,高亮
/493A81874917E92B939460A31AA07D8A,HITS,命中
/A85BE70A487481DA14BF9C91A9286239,HK416D,HK416D
/995618884EFBC927478794A2B6A9966B,HK416D CQB,HK416D CQB
/16C18B6F430B5EC7D2BAB587E161AC41,HOLD,按住
/1F21E367491EC7F8AE79348C333C930C,HOLD,按住
/3C6893124ECF999DC9A76A8FA11C6EAC,HOLD,按住
/8D53DB684DCE3D45DAEEE18097AB9303,HOLD,按住
/C6C0143C4F6BC83B9A7D6B911D39A53C,HOLD,按住
/E1A4114D4A6EE80150B4B6A71B6D388A,HOLD,按住
/EA880AF2477B3FACE2AF689B17117CCC,HOLD,按住
/8676D58547C9B2E9C094F9B006FE085A,HOLD for momentary activation. DOUBLE-TAP to toggle on/off.,按住激活，双击切换。
/067779EB4F778FB4D86B758C3D957E9C,HOLSTER,枪套
/35E5849845FC38C2FF33E096A4C211B2,HOST GAME,建立主机
/EC7A3FC94E1E829F37EAA2BEDB66463C,HOST GAME,建立主机
/63C2D3F64948F711F1FD8CB6D97616FC,HOST MULTIPLAYER GAME,建立多人游戏房间
/3A9599BE4113F1A54265A38B1954E60C,HUD,UI数值界面
/6BCD0386444E8A209285978ED2A3A8D4,HWS 553,HWS 553
/E05965E34AB8ECA407DCC9B1E446D77C,HWS EXPS3 (Black),HWS EXPS3(黑色)
/C0E3092248356873D05ECB87CFB881B1,HWS EXPS3 (FDE),HWS EXPS3(沙色)
/2FD6DD23456BD66D3A501FB7CC521316,Half,一半
/94B1C4AC4A60B287571756B8B33B0DD6,Handgun Ammo Pouch,手枪弹药包
/AA20FD534902CB3CB601648BB3164AC7,Has the server been taken down/restarted?,服务器是否关闭或重启？
/21BD16CC48AD12D1D16A5D9B15DC86CC,Head towards the OPS BOARD to review mission details and parameters before deployment.,在部署前前往任务板查看任务详情与参数。
/7D375612459EF65C2C3C0087BE1DE0B4,Headset,耳机
/996957A140E89EAA59D450B7F4A47559,Headset,耳机
/7996597643FBF607107FD992C0B4958C,Hear your own voice being sent.,听到你自己说的话。
/FA4B559747668867F60BBEBB0C2898BA,Heavier loadouts will drain stamina faster when running. Low stamina will increase weapon sway and prevent jumping.,较高的负重会在跑步时更快地消耗耐力，耐力偏低时会让武器更加摇晃并且无法跳跃。
/2876A083434E5A50DE9DED97A21EF0D4,"Heavier weapons will drain your ARM STRENGTH faster when pointed forward. To recover, switch to LOW or HIGH READY.",当始终使用沉重的武器指向前方时会更快地消耗手臂耐力，切换到准备姿势来恢复。
/D9AB5E164B992749FDC16DB2B2743B1C,Heavy,重
/1B2AB9504088EEFBF2221D9E6D495179,Helmet (AF),头盔(AF)
/CD9145C549EECBF6E93ABE9DC9AAFE2E,Helmet (AF/Cover),头盔(AF/盔罩)
/79A5A9E24BB953041D473EA1ED449FF8,Helmet (HC),头盔(HC)
/69CADC7B42595201EE451D979133BB3F,Helmet (HC/Cover),头盔(HC/盔罩)
/A048E66D429CE27F7E020DB039CF8BE2,Helmet (MICH),头盔(MICH)
/1C348AD04C9926038E891992806311DA,Helmet (MICH/Cover),头盔(MICH/盔罩)
/A13441954B860334781A5184D3121224,Hidden for spacing,为排版而隐藏
/3C8207704CE75F51CABD9E9665208623,Hide Empty Servers,隐藏空服务器
/3E3C142B431E0614F2F5DD9FB2343D4D,Hide Enemy Blips,隐藏敌人标志
/502536BF48860EE0373376A61F5C84F3,Hide Full Servers,隐藏已满服务器
/AD3D59AA453644DC3A45DFB9D81ED1EA,Hide Mismatched Versions,隐藏不匹配版本
/A6224FAE4AC97F850CA936A240D0DDDE,Hide Password-Locked Servers,隐藏有密码的服务器
/2C8127A74E9B1C4D65BC09B42EBA7693,Hide Player Names,隐藏玩家名称
/B34D07774209E4CA397FC1B8627B4D22,Hiding this screen to take screenshot of UI,隐藏此界面以截图用户界面
/0FD34DE14823B385BEB9379136F640AC,High,高
/3F964871470414502C92C996DED53714,High,高
/453C9A33486FAAF6202F09ACAAD14426,High,高
/49DA14114B9D9F199D328A8F74DC3E6B,High,高
/534C2E2F49B7CF6412AA6BA765D268C1,High,高
/5F09783345CDBA19698C72B1BCE9E90C,High,高
/8EE9612746A3DAE32E3CD59B014371F0,High,高
/5B80645A4411FC62C6D200A78FF9B25A,High (Default),高(默认)
/5BC709C247B7431A24DEA081BA62D473,High (TAA),高(TAA)
/2E9D85724C8CA1AE88678BA866F0454A,High Ready,高姿
/3D4C19294D61208CBD1F95B7DD97E5FE,Hiking Shoes,登山鞋
/C73213724EE963D96D1BDAAAB9E69F8C,History,历史
/22115A824EE36A76939F5A80CBA6C1EF,Hold,按住
/64CF7A294AFE72E5DD0983B368893C7A,Hold,按住
/65A467B047A5817484D2E481D63E3699,Hold,按住
/690A7F2142C95E686F23B592B49DC601,Hold,按住
/0B7B31C2496823C47E7714930A7E81BA,Holster,枪套
/D4B4017B479AE55AEBEEE099A1BB0EEC,Holster,枪套
/A96FF4B048B616E4939AEFADB0038D66,Host On:,建立在:
/584D241745AD15B08F9CF89DEAE2BDDE,"How much the regular sensitivity (non-ADS) should be scaled by for each magnification level (when ADS). This applies for MOUSE and CONTROLLER.

1.00 = No scaling (same as regular sensitivity).
0.50 = Half as sensitive as regular sensitivity.
0.10 = One tenth as sensitive as regular sensitivity.","相对于非瞄准状态时的灵敏度在不同放大倍率时的比例，适用于鼠标和控制器

1.00 = 原始灵敏度.
0.50 = 原始灵敏度的一半。
0.10 = 原始灵敏度的十分之一。"
/1BAAB05C4A212BDC7D44A999C0E58FEC,I understand. Do not show this message again.,我明白（以上内容）。不用再次提醒
/59026C7642DE8D905F47068A4ABDED00,I understand. Do not show this message again.,我明白（以上内容）。不用再次提醒
/DFA1455146B50B217746B1B0D8D77284,I understand. Remember my choice for this MOTD.,我明白（以上内容）。记住我的选择
/25282B4741B2C908CA1D3EBA6E9910B1,IN MAP LIST,在地图列表中
/95C70E2B43DD3DF577319ABF3AC85874,IN RANGE,在范围内
/961CF83340889C2164ACA0A6131A88CC,IN RANGE,在范围内
/2D516D354C68766D526FA3AE1233ED70,INCOMPLETE LOADOUT,装备配置不完整
/DE831BF64D68BB4A95BE71BDA208ED9F,INCOMPLETE LOADOUT,装备配置不完整
/05C2CF58494B8B3FC951B3BA0CB7165A,INPUT OPTIONS,输入设置
/0F9B760F4099357E6E9BC289CD69EDBB,INSERTION AT,进入时间
/EA577B84432664B87C097781433CECB0,INSERTION AT,进入时间
/D39665DC47C4FEF5556544BB9EAFF1B1,INSERTION NAME,进入点名称
/75E980D14ED5585509FEE3B3CBB97B21,INTEL RETRIEVAL,情报回收
/067500B44CA581D773381EB1A2B20E46,INTEL SEARCH AREAS,情报搜索区域
/97DF13BB42259A37791918BCD04F3CD1,INTEL SEARCH AREAS,情报搜索区域
/A481FEA3483300E5D0151D9A32D8410D,INTERACTION HUD,交互HUD
/B85A2C4A48AFCADE4E2F00AE93E199B0,INVALID SETUP,无效设置
/97775C124DB727370706DB8F6A3E02A9,INVENTORY,装备
/E3E32F3F486206C121029894B6FEA6FC,INVERT SELECTION,反转选择
/E665C2464E03759E412C1E9E06AC7651,INVITE,邀请
/A284F4EE4D637A34F48F4C9467B5D720,INVITE FRIENDS,邀请好友
/97DDCFB14E1FCB8EED2A2A8666D48FF7,IP Address :,IP地址:
/9C3361F9488B7B560CB9AD856F6DFD76,IR,红外
/CB11AB2D456DF9E86A7E3EB80E03B813,IR ILLUMINATOR,红外补光灯
/D7B9F84547E1B45615010B8DA1A2FB5C,IR Strobe,红外频闪器
/9C97C1254DAD85A2B5176989926738AC,ITEM NAME / INFO,物品名称 / 信息
/4016FA8F4891DC9868E7CFBC1B028847,ITEM TYPE,物品类型
/5B0CA9FB44B899ED0C2A45A49E830E15,ITEM TYPE,物品类型
/6F138D0740D03A48193694B8D1CE41B0,ITEM TYPE,物品类型
/478948D64B42E94278F8288085CDB171,Idle,闲置
/D36715D94559BD46D1FC11A967A07E8B,Idle,闲置
/3D88EC4742A7D1D27E512DB341916296,"If not, own it anyway and talk about how to avoid it in the future.",即使不是你的错，也要勇于承担，并讨论如何在未来避免类似问题。
/1E3615434A459F0BA37162AA1C90D37A,"If the game mode does not use insertion points, spawn by simply clicking on the map.",如果该游戏模式不使用部署点，只需点击地图即可出生。
/06F682F54D8D1823934663A4EDFE3F8F,"If you don't know what these are, don't touch them.",如果你不知道这些是什么，请不要动它们。
/240522094B3554D60EDC97BE952919EB,"If you know you were at fault, own it and let everyone know.",如果你知道是自己的错，就勇敢承认，并告诉大家。
/394069FC41D8BD261C489DA458B37722,"In an emergency, changing to your sidearm is usually faster than reloading.",紧急情况时切换手枪比重装填更快
/7A7484A94FD388FCB2C3A69015E303FC,In minutes or -1 for permanent.,分钟或-1永久.
/C2E969B44647145FD66F168F3E15E6D5,In minutes or -1 for permanent.,分钟或-1永久.
/E446FA74419621D22FC039A2A056B1B1,In minutes or -1 for permanent.,分钟或-1永久.
/0CBC81114B4EE1E4BBF838AC9AAB2BE5,"In online games, look here or press Escape to see who else is on your team",处于在线游戏中时，可以通过这里或按ESC来查看玩家列表。
/DA1E312D47FD31B4F997B88B87843536,Include Log File?,包括日志文件吗?
/C13032004E3A19235665C79921534E1B,Include Screenshot?,包括截图吗?
/6230ABDC43AA5174267921ACD65387AB,Include mods,包含模组
/021DBB8247951065DAEB56AC2C3F9079,Incoming Radio (VOIP),无线电音量(VOIP)
/0E50E95141AABFCFC2FDD085CD3116CC,Incoming Voice (VOIP),语音音量(VOIP)
/FE1043D64A114F9B8F43A4884E19C23B,Increase Reticle Brightness,增加分划板亮度
/D02978844162CCF00E49D3B9492C125F,"Increase the priority of the mod, so that associated mutators are called before mutators with lower priority",提高该模组的优先级，使其相关的突变器在优先级较低的突变器之前被调用。
/B6E8055B4473B71CC0BAFAB1C4E9CDD7,Initializing,正在初始化
/C0D9F1AF46C60B47DBBFF1AF96EC29F7,Insertion Point,进入点
/C3156669464C561A88A9DD885F72F48F,Insertion at,进入于
/F35811824DB046150A567A8725C452EB,Installed Mods,已安装模组
/09A601864C52293FFDED52BC3E1AED84,Interact,互动
/4FC873EB40C180021770AD9261E2019B,Interact,互动
/83788EB94D6AC8D892531ABC321E097A,Interact,互动
/8E8E743D4C6E2EF135BD3A8B3E514045,Interact,互动
/D3BFD1A94EEFA136860571A365B4A8B7,Interact,互动
/0553ED5A4750483777075BA97AC0A623,Interaction Ring Color,互动环颜色
/4C17B71E4BB8488DD56B4EB989CE12E3,Interaction Ring Size,互动环尺寸
/D071703044705A17A1C3A58388847479,Internet,互联网
/DC1861CE4745FA54D59FB189520DB53A,Internet,互联网
/65E175C845991A3C6D7F1084E7A0D565,Invalid,无效
/808406A545DDFABEFB2A5AA43687F93B,Invalid,无效
/8D7031B54B18627A4C193AA132162128,Invalid,无效
/AADB2BEC46A474D9DD558BAC61D99FF7,Invert Look,鼠标反转
/303BF4CE490F521DB3F4F593640E6483,Invite failed to send!,发送邀请失败!
/81B4D76B4719FBF03677B295A4EF3934,"Invite friends into your server at any time using the
INVITE FRIENDS button in the [Esc] menu,
or via Steam® Overlay (Shift+Tab).",任何时刻您都可以通过”邀请朋友“或Steam游戏菜单 (Shift+Tab)来邀请朋友进入您的服务器
/6877C8BB4AF86DE8FE50F8906D4A3895,Invite friends to your self-hosted server,邀请好友进入你的房间
/46E6197048FF2A49CB8D11994A745C49,Invite sent,发送邀请
/937F50884E5AA259493E61956603A91D,Invite sent!,邀请送出!
/C1428D9F4AF6AC25BDBFA1A9329F38C4,Iron Sights,机械瞄具
/271B358A44A673854A8245879247894D,Item,物品
/87500AB34C585ACD62ED5999029BFC8C,Item,物品
/CE8E25C8453CE7A1098F3EBAC591A237,Item Description,物品描述
/8487DE534DEE2AD48A3698ACCA8F9026,Item Display Name x1,物品显示名称 x1
/F4E8D5AA48DCF1F1E213F0B4B7EC319B,Item Name,物品名称
/6B4E06A443DC333E27BB159888B718C9,January,1月
/839C01594C7DDD14771C0B8845606143,January,1月
/CE433EAC41B26975DBB70CAF62EB52FF,January,1月
/EFBFB0D64840231CD0FDAA8BE77B5897,January,1月
/85BFCA01483CEB3975FF80A47EA0C5E1,January 31st,1月31日
/A1238C2B4A925B54C61072948410B1D2,January 31st,1月31日
/F2F4CF6640326B2BF51F1696D17FB778,January 31st,1月31日
/9E9365D441501C30F2653D8992812DC5,Jeans,牛仔裤
/ECD4303C40C1E59F2D4B2897621EF3DB,John Sonedecker,John Sonedecker
/F2E740324B7A90B465F7DE81E68444E4,John Sonedecker,John Sonedecker
/11D0ADE24B11B3011BB68E98C96CED61,JohnDoe has changed their name to Scopey.,JohnDoe has changed their name to Scopey.
/A2884DE4492F792FBEAB999FC9258CCC,Join Failed,加入失败
/360981CA4EAAB0B9929AD6B224CE87CB,July,7月
/4DA11534453A99589601CEAC8671A10D,July,7月
/72F2512E42C3061DA56B35916BD78633,July,7月
/8D3AA2844A48E2953050C6945D49102D,July,7月
/BD1D3C15450E491228893688D991DD86,Jump / Climb (Hold),跳跃/攀爬（按住）
/C32E93C243DF1AD6CA9516B8653EF0B5,Jump / Climb (Hold),跳跃/攀爬（按住）
/E7F75F0047EB2540D3B9CAA97DE76F25,Jump Off,跳下
/058FC24042437C4D1DEAA4BB304AAAFF,June,6月
/40DA8FA645A98ACF007CA79CAC49B1C0,June,6月
/4DB3E25646F5637E35A08FAC6BC3CD13,June,6月
/55C4B306490A153DBF89C9964BD00554,June,6月
/77DF058F4A059CB44749E68B0EC77C28,KEYBINDS,按键绑定
/8CC71BFE43CAC3DA923590B6F61DD846,KEYBOARD & MOUSE,键盘&鼠标
/E4F34CCB445ECFFD5477CFB56FC7CA9B,KEYBOARD & MOUSE,键盘&鼠标
/372B480B45F95866F238F69CF9C14937,KIA,阵亡
/8D9FC1274F701F61CF30AFA1431FDDB1,KILLS,击杀
/28F94604426FE75267826FA4FC1A86AB,KIT RESTRICTION TEAM 1,第 1 队装备限制
/01681BF74EBEECC58B1364ADDEED5BEF,"Keep your teammates informed of your location to avoid friendly fire accidents, especially when regrouping.",始终与队友保持沟通以避免发生友军误伤事故，尤其是在变换位置时。
/FE7C24894128D5CC76D80DA55EC75CCB,Khaki,卡其色
/41F4DB11450AE4FB2C21F8A17045AB1D,Kick,踢出
/B9311EF74E21BEEF33D180B185FBE337,Kick <player> for <reason>,因为<reason>而踢出<player>
/B8FEEC7C4D5E356F622F8A89B5E59E48,Kit Restrictions,装备限制
/90B8A8D348ECA4A0F0190A8F0B5CD41B,Kit restrictions cannot be applied in single player mode or in the editor,装备限制模式无法在单人和编辑器模式中生效。
/D81E910A40F3FEC74B2DB1821BB5B380,Kobra EKP-8-18,Kobra EKP-8-18
/28F8669049D77ADA7D2E23A4A88CDD7D,Kris Rigby,Kris Rigby
/DB61B2C44FA1F2B73218EDB07D067754,LADDERS,梯子
/794E22BE45BF200ED88E4693D33A0DD8,LAN,局域网
/865F44FB44AD7C95FA1178A3531AA287,LAN,局域网
/82CF42044238C34F91E0B0922CB229FB,LASER,激光
/ABEF8D284A5B73B1CA58B18061E8DBF2,LASER MODE,激光模式
/E6340553461425188F23838B99B3ACD6,LAST TEAM KILL,最后队友击杀
/FC52375043C9FD82EAAAC5B99088A6AD,LEAD PROGRAMMER,首席程序员 / 主程序员
/51D7353044BE4B525B3D7C95C65EB1A8,LEVEL DESIGN,关卡设计 / 地图设计
/0523312C4C06603CF8984CA936DD3BD6,LICENSING CONSULTING,授权顾问 / 许可咨询
/B1196A724A2CF7873B45979E62C5B399,LIGHTS / LASERS,战术灯 / 激光
/0981600F464E02B2652FCD87A5653506,LIVE FIRE AREA,实弹射击区
/F8FEAA8047674CF6A18162A0652158BC,LIVE FIRE AREA,实弹射击区
/FA7E7ABC4CCE5F08D11B7C8DC7160BE0,LMG Ammo Pouch,轻机枪弹药包
/B0BBDF5A4415E015E598EB9D7CC35CFA,LOADED,已载入
/E22DF8A34DF889DB62A9D4AB6219E049,LOADING,载入中
/EE29E9DB48BD6951802642BBE6DCE5EB,LOADING,载入中
/7E484ABD45EB8C2B1415E58D89243B52,LOADOUT,装备
/D616A1AC43E30EADED30C380FDBFB39E,LOADOUT CHANGED,装备已变更
/24557E264B924907EA10E3830D9D7C1E,LOCAL ADMIN,本地管理员
/FC55E14E4D337C29EB369BAE1E47DCA3,LOCAL TIME,本地时间
/81B3B6C24C2E087D74582CA8E7D7ACEC,LOCATION/MAP,位置/地图
/3A2EE34449E8D19FC9170AA35A06F356,LONE WOLF,独狼模式
/59DFA91D4190031FD9A21397C4BB6071,LONE WOLF,独狼模式
/F7AF020D45E9ABC7CF4ED39441ECBB85,LONE WOLF,独狼模式
/3FFCC8524F1CAAF9E1A2749B060648A3,LOOK,观看
/6ADD121B48C7F1C0443CFFBF83C3F79C,LOOK,观看
/6B3763C04D6ABC22016C93B3BD3FDD95,LOW ARM STRENGTH!,手臂耐力低!
/ACACA3C547DCD62E4B3ABB8294D4B270,LVL,关卡
/833A62E148BD76B4C30CD794918B5E1F,Laptop,笔记本
/DD0991214311A18E1FBAABABAD060479,Laptop Usable,笔记本可用
/E9DB3BD64AC9686BB5513DA0CFA25389,Laptop script name for laptop '{LaptopName}' is incorrect for this mode. It should be set to '{LaptopScript}',笔记本 {LaptopName} 的脚本名称不适用于当前模式，应设置为 {LaptopScript}。
/3EC0826442D60D58376F0997A749ECC4,Larue Tactical FUG,战术 FUG 握把
/30C405B74697CFEAE753BD90081B4625,Laser,激光开关
/9200AAF74A0DBE8DCAFB42A7B7AA6F54,Lean Left,左侧身
/EF1F55074BC692E94EC448A6A5E33BF8,Lean Left,左侧身
/4346B8F2496DCACB272D27A88C610596,Lean Right,右侧身
/E4F54ECD4107A22340CB05BE4FF2A66B,Lean Right,右侧身
/1301C2FC46E69E23A308E38781FC08EF,Lean Type,侧身类型
/2730F7D94896D25F8A8D4E86DE40DCE1,Leave the play area and return to the ready room.,离开任务区域并返回准备室.
/1624B7B441AA0E3C3AFC868F88505679,Left Shoulder,左肩
/364E7D77444C66005386F1AD73CAD3AF,Left Thumbstick Sensitivity,左摇杆灵敏度
/AD8D2C524C9EE8E7977835A8804EFB08,Lens Flare Quality,镜头光晕质量
/9E6384234201F150756C28BDEFDB9AAE,Leupold CQBSS (1–8x),Leupold CQBSS (1–8x)
/4E8A1DAB4EAE6BBADA24BAACB4D1CABB,Light,轻
/3A9AEF194927F910FC1979B3BAB58C9F,Light Shaft Quality,光束渲染
/EFA6631742ACB31C8CBBE6A95D75B93D,Light/IR Illuminator Behavior on NVG Toggle,NVG切换时的白光/红外照明器行为
/FE8D8BFA44D0BEB8B340938DAAB23988,LightMachineGun,轻机枪
/A4AFD7F64247E76E7C92ECB49FD3C5E5,Limit Max Freelook Angle,限制自由观看角度
/E91441EA4D5BD15D52FF419BBB1B53E1,Line 2,Line 2
/D1122C5F40DE82EDCB4BB6AAABF0FD1E,Load,载入
/DF0548D14719DD86ADCD88A8DFAE1458,Load,载入
/E18A44774EC224BE423418BF4FBE92AB,Load a different mission?,载入另一个任务吗?
/59D20F1D4090049D2A5092BEDBCF535F,Loadout,装备
/EF5751D746C1FA56578B7D9F3784B96C,Local climate:,本地天气:
/3F0DE4054D719D2A6988F4B70F12DBD1,Local weather,本地天气:
/8DB06CFC4C6DC50CE0347498DE02AD41,Locate and eliminate all threats in the area.,找到并消灭区域内所有威胁.
/58A993EB4C6E0901198780870F6B9348,Lock bolt back to resume firing,将枪机后拉以恢复射击
/CBE40C3D4038FF6E1B243896B658D069,Locker,衣柜
/650E7C1E4B09DF485640318AAE33D86A,Look,观看
/7B0D83084592331A8AF1B184D8AA3E0A,Look Up/Down,视角上下移动
/A290F9B749E33FB005B040A73779E602,Look Up/Down,视角上下移动
/A8AB9869472EC8A63B29D08555821DB5,Look around independently of your body and weapon.,独立于身体和武器自由观察视野。
/444012CE45EBAF53F6EAF6B788AE9CA1,Look around independently of your body/weapon.,独立于身体/武器自由观察视野。
/4317271142DC85449DEDB8BE7634A5CE,Loop Back,监听
/205DFFCB4DEE07F7726504B2D67FF4F8,Low,低
/2988FD8942D12FEA7694B7A030C58823,Low,低
/3150FADF4F54D330D93798A75C0FEDED,Low,低
/54CC58304B0E1A6BB49DF2B007235699,Low,低
/564E59FE4BE39D3121E0049F5FF4CAAF,Low,低
/5FB6684D43ECAA011EF08A95FF3CE108,Low,低
/A89E3B1C424968CA4AECDDB3E5CE106B,Low,低
/B5A3F37F4A7848A21828BA9E76A5CD1C,Low,低
/ECA09E7C42D2F512B9BB7FA4945A9A54,Low,低
/E093C1B84D4BD7A560F81097F6370FF7,Low (FXAA),低(FXAA)
/E68677E9431FFBEB2DD29F824830DA20,Low Ready,低姿
/10C3AA614A94D3A171A71981C63F8A4D,Lower Weapon,放低武器
/408DBC3C459C0F337DD43F945854B0B3,Lower Weapon,放低武器
/11BEACE749187C9F7E7EFAB4BA6BF1C4,Lower Weapon / Switch Sights (ADS),放低武器/切换瞄具（瞄具）
/F6C494814A7766AAA16E10B4D44388D7,Lower Weapon / Switch Sights (ADS),放低武器/切换瞄具（瞄具）
/2D4F93CE4319751F5E7B58A0E6297741,"Lower weapon from READY to LOW READY, or from HIGH READY to READY.

When aiming (ADS), switches to/from additional sights if equipped.","将武器从“准备”状态放低至“低姿”，或从“高姿”降至“准备”状态。

瞄准（保持瞄准）时，在主瞄具与辅助瞄具之间切换（如果已装备）。"
/38A409874178A01A5EA698B20601CF95,M1014,M1014
/04052A49442F3824458C0C863D1E0A3B,M1014 Barrel Rail,M1014 枪管附件导轨
/0637C9244B484B154C383198A00A151A,M110,M110
/5C5F72364EA54F62BF27B59CBE40A0FF,M110K1,M110K1
/D37D3EF74E8BA03C566830800DC695F3,M14 20rd [7.62 NATO],7.62x51mm 20发弹匣(M14)
/A77752FE44B4A76EFC7D2994623E9B08,M16A4,M16A4
/4DEF07124FF06D09292515AA2BA6581C,M17,M17
/349D2CC945CA0DB95D27F7B56AF61365,M17 17rd [9×19MM],9x19mm 17发弹匣(M17)
/D9186D974E49BFBC1F4CC884DD08BDA9,M17 21rd [9×19MM],9x19mm 21发弹匣(M17)
/07FB66024A5BCA4C0CE94A8DD4AF4319,M18 Smoke (Green),M18烟雾弹(绿色)
/029FE7DE4E611FAA5078A3B5FFF010A7,M18 Smoke (Red),M18烟雾弹(红色)
/FF103C9F49288AAB2B4C95994091C698,M18 Smoke (Violet),M18烟雾弹(紫色)
/66A9AF0E40EBD73CA53AD5BB352CA52F,M18 Smoke (Yellow),M18烟雾弹(黄色)
/7CA4A00848E021C21B028094431B99BC,M1911 8rd [.45 ACP],.45ACP 8发弹匣(M1911)
/57C093764992B4BF6BA323B84324C7D4,M1911 Ext 10rd [.45 ACP],.45ACP 10发加长弹匣(M1911)
/DB5FD4234458674395D325863285B8AC,M1911A1,M1911A1
/076AA02F40A14C9A1ABF169EB9FFAF08,M24,M24
/A199DD0E4B7ED6AFB659B7AE7452D61E,M4A1 Block II,M4A1 Block II
/FEB146404333133F7C4E2AB2B7246E44,M4A1 Block II (FSP),M4A1 Block II (固定前置瞄准）
/5B10D05B40255AEA992CB6892F28D7DD,M4A1 SOPMOD,M4A1 (模块化)
/A651EF704ABC267E81FFF6BE4E70520F,M67 Frag,M67手雷
/91B7F37D4A4D81D4F2E867BCAEF8894C,M68 CCO,M68 CCO
/E3892A5148374904F6C41AA5288FD80D,M81,M81
/654FC2A44574ACBB17A077B2284ECB79,M83 White Smoke,M83烟雾弹(白色)
/16C3A48A40091DF014CB2C94F72EC86D,M9 17rd [9×19MM],9x19mm 17发弹匣(M9)
/EAC4A63142075F63AC6682B58AD106D3,M9 20rd [9×19MM],9x19mm 20发弹匣(M9)
/F5D4854D46E0C6470BC748BD71E5C637,M9A3,M9A3
/60E8EA1F44E61ED9617509A8B1C93B69,MAGAZINES / AMMO,弹匣 / 弹药
/18AEC9C4484766892FD89B9508F67631,MAGNIFIER,翻折镜
/9A87743E46D6D17D63AC1AAEEDD06B91,MAGNIFIER,翻折镜
/D186C8CD44D542F4E88F06BF4A770E09,MAP,地图
/098F4C494CC89A2782E979A0A4F72000,MARPAT Desert,沙漠数码
/C2A3B0364AF3346272508A85E20DA94F,MARPAT Woodland,林地数码
/17E1E70A4DCCE53B3DA1439E81A6979C,MASK,面罩
/C7101A7D499B07CAEB09D4A758E836E7,MATCH IS TIED,平局
/3E9B1B9745189DE1963583B5A2BE7E33,MATCH SUMMARY,战局概要
/C3DE41E444506E9289642CB95D56E04F,MBUS Iron Sight (Front),MBUS准星(前)
/A28B2E1540C69D7E244ACBBDB66590F5,MBUS Iron Sight (Rear),MBUS准星(后)
/8BCBDDD9463FFD213BF868A4F582BA44,MIA,失踪
/C1359A0A4007DC315DC7089BFB10C9EB,MICROPHONE & VOICE ISSUES?,遇到了麦克风和语音问题吗?
/8EC9B6634F7F1F7D2581B88C2C911646,MISCELLANEOUS,其他
/B30D45F440AF836807496685CE528AE7,MISCELLANEOUS,其他
/06950BDE4A1E16688D81DB8AE7665552,MISSION AREA,任务区域
/51E8FA704C9B5242D4E653A9844E93AC,MISSION IN PROGRESS,任务进行中
/126AD97C46585939669932A506E81FCB,MISSION MAP,任务地图
/CEE0E55B43B7B1017A6591BCCA5AEDED,MISSION MAP,任务地图
/DE9DD5324AFA1727E9F2D7AD4E56A989,MISSION MAP,任务地图
/E462CE9749FC2756BEBA509D4411010C,MISSION NAME,任务名称
/A462CA1F4DA00DB0765259866555D279,MISSION PARAMETERS,任务参数
/C78A25DC455124FB64C15290CC2BFF41,MISSION PARAMETERS,任务参数
/EE4C0C8E4F9AC5C859185F84194E71EB,MISSION PARAMETERS,任务参数
/7043568342761FB07CC59B8DB8983F1F,MISSION PREP AREA,任务准备区
/C9C422274BD053498BFFD1BCA66DEB9C,MISSION PREP AREA MISSION PREP AREA MISSION PREP AREA,任务准备区 任务准备区 任务准备区
/289A09BF4C1557902FD1F5A65B1AC3C6,MISSION SETTINGS,任务设置
/5C37AFA7409FD00A918D44A0C20BC28C,MISSION SETTINGS,任务设置
/8F433E0E4AB2D035CF1473B3947D1DF2,MISSION STATUS,任务状态
/A4BDFB394C136E99302808803F61F9AA,MISSION TIME,任务时间
/81CCDBFD48C05EF7C437919125771556,MISSION TYPE,任务类型
/E692A4FC4FA9B0D54A57A6A63F6F0D94,MISSION TYPE,任务类型
/7F1CE5C842F79D7CFC8AA197DFEB1527,MISSION TYPE DESCRIPTION,任务类型描述
/5D5D27D641CB8A0A9DB1CE976FBE73F7,MK13 Flashbang,MK13闪光弹
/11CC58284367B3A499493A9371E2CA10,MK14 EBR,MK14 EBR
/614D24A8452E2DCA5A3A48B1B4A56978,MK17 20rd [7.62 NATO],7.62x51mm 20发弹匣(MK17)
/779006634C1A3BE6BAB48DBE66292B11,MK17 CQC,MK17 CQC (近战)
/5EC734C24FD0169C542F53A8C072BC49,MK17 DMR,MK17 DMR (射手)
/B9FE60584D5B3139375FFD9BEA30F41B,MK18,MK18
/4175ED9C4FCEB4FDD04409A406DB7C66,MK25,MK25
/9DD0F21E401D5278BC763A9709B7D66A,MK25 15rd [9×19MM],9x19mm 15发弹匣(MK25)
/E457710943DF53732822D1AB9052A7E7,MK25 20rd [9×19MM],9x19mm 20发弹匣(MK25)
/6769740F429109A417C5239656739638,MK4 (3.5–10x),MK4 (3.5–10x)
/3AAE13504B6B9A405362EE82EAC39628,MK46,MK46
/A10B27D7428F626DC4ABDF887DBE9681,MOD AUTHOR,MOD作者
/73567366434078C41C55A1A5BB213A3E,MOD ENABLED/DISABLED,MOD启用/关闭
/BB1240224586C5CF2E2B7BBAD054A96B,MOD ENABLED/DISABLED,MOD启用/关闭
/6C31760249570BC844D2408993A5AF34,MOD ID,MOD ID
/B596C33E4F17145D27D31E9AFAEC4998,MOD ID,MOD ID
/5781CA6643A8DE949E39A98EA21DF804,MOD NAME,MOD名称
/AE38801641EAD0914A961C9772979A86,MODDING,模组
/D862929140866390E3DD3DAF40F31022,MODDING,模组
/2E9F4BD14B9727D5B88225A6F8D7D04B,MOUSE / THUMBSTICK,鼠标 / 摇杆
/4E47310E4A48CCAB60AF7783357C043C,MOUT (Movement Over Urban Terrain) training site featuring four multi-story buildings in a small closed-off wooded area for CQB practice.,一处位于封闭林地设施的小型CQB训练场，设有四栋多层建筑。
/595E84594DB1D62CD1BD538C3D858882,MOVEMENT,移动
/A776FE7C4E15E4AE0BC4A2ACF15DDECB,MOVEMENT,移动
/ACE5755146FACE64DCD43B899015DAC9,MP5 30rd [9×19MM],9x19mm 30发弹匣(MP5)
/1725525B40D0B70419416397444C73CB,MP5A4,MP5A4
/23C8236442FD229EC26800B871B60DEA,MP5A5,MP5A5
/5F5362F5417759A3B49FF2B62318A84B,MP5SD5,MP5SD5
/07AB08B746732A5C0CAFBD89F3BAF3EE,MP5SD6,MP5SD6
/2EFD86BC41E5FC29ACB1729145B7B1F7,MP7 40rd [4.6×30MM],4.6x30mm 40发弹匣(MP7)
/E991A7E44615C43C3C3592A7C7E01D71,MP7A1,MP7A1
/3E5F0F9D43874C241949F7A7A14F168E,MPX 30rd [9×19MM],9x19mm 30发弹匣(MPX)
/0B7720704B5FBF9FF3A36F8EA6F38BCC,MPX SBR,MPX SBR
/E99B6ACB4AEB8A7A7EAAF19A5D4A9C27,MRO,MRO
/0EF7321C4214F358E73CD3927E6149E1,MUTATOR AUTHOR,变异器作者
/6B53CAD54288644ADB218F9B6455D7E8,MUTATOR NAME,变异器名
/61CA88774FF0DD506E6DF5AA1A9971E3,MUTATORS RELOADED,变异器已装载
/6664B44D4DD5F8ED45DBAF92C23DCAC2,MUTE ALL,静音所有
/A5F7D5F2445B05341C91A4B795DABD76,MUTE TALKING,M静音讲话中
/06A7283D4A0FAB853186FC8BEE1FA621,MUZZLE,枪口附件
/569B296E4F6BCC70928005BE2F8DB104,Mag Check,检查弹药
/F7ECB3F9405E962D9B7540974440CFFE,Magpul AFG 2,Magpul AFG 2
/4232D9514CE5BB12EF24D8A0291BBF2C,Make Loop,制作闭环
/82CCDD1F405A30F789E33C9CBD293AB8,Make sure you are running the same version of the game as the server you are trying to join.,请确定你的游戏版本与服务器版本相同.
/1E11AFA44FA91851D739328291746306,"Make sure you have chosen a head, shirt, pants and footwear.","请确定你已经选择好了外观, 上衣, 裤子和鞋。"
/4EF9CACD419CF8E68008D9B29CAB3270,"Make sure you have chosen a head, shirt, pants and footwear.","请确定你已经选择好了外观, 上衣, 裤子和鞋。"
/E55F437445EC1D54E016D787BC295F1F,"Make sure you have write access to 
{0}

You may need to add GROUND BRANCH to the exception list of any anti-virus or anti-malware software you are running.","请确定你有{0}的写入权限
你可能需要将GROUND BRANCH加入防病毒软件的白名单中
或更换构建名称"
/44EB9FB742CCBE0F9B08D1855733EF4D,"Make sure you have write access to 
{0}

You may need to add the Ground Branch binaries to the exception list of any anti-virus or anti-malware software you are running.","请确定你有{0}的写入权限
你可能需要将GROUND BRANCH的可执行文件加入防病毒软件的白名单中
或更换构建名称"
/8A97372349F857D6B6A9C29914DA797C,"Make sure you have write access to 
{0}

You may need to add the Ground Branch binaries to the exception list of any anti-virus or anti-malware software you are running.","请确定你有{0}的写入权限
你可能需要将GROUND BRANCH的可执行文件加入防病毒软件的白名单中
或更换构建名称"
/A3A22ED040AE737973C8FCA7AE7E8152,"Make sure you have write access to 
{0}

You may need to add the Ground Branch binaries to the exception list of any anti-virus or anti-malware software you are running.","请确定你有{0}的写入权限
你可能需要将GROUND BRANCH的可执行文件加入防病毒软件的白名单中
或更换构建名称"
/90F6D55D467CB204A486599BC33DCB48,Male 01,男性01
/AEB908104817D770834D119BB1AC6D51,Male 02,男性02
/57AA557B42D55C46CC0C4F82F939A15F,Male 03,男性03
/4D5164494E5AD8C425C95689B74E94EC,Male 04,男性04
/A43D557D499F58401E1C2B9FEBA695C2,Male 05,男性05
/8C070A124B46EA933E4493ACF8996C73,"Manage players, change maps/game modes, and other server-related options",管理玩家、更换地图与模式、其他服务器相关设置
/26B2E0824FE5CE3F25A152A0339CCC38,Manually place a player start,手动放置玩家出生点
/CFD8F80A49867B27E050BE875678E834,Manually specify time:,手动指定时间:
/D1062DA3497174882FA4CFB3194ABF73,Manually specify time:,手动指定时间:
/022135264D72EB86B254D28CC0FE48E7,Map,地图
/A16608904B69CD836EE6F1B07AD92810,Map,地图
/E8FF44C34A3CDA446D80C9BBC697F719,Map,地图
/8C6D7D364E58E32401629A8D70C5EE0A,Map :,地图
/CA9BB29B4C49DF163C9983B27C64B866,Map List,地图列表
/1B9FFA494017C7964444A4AFE45B7B30,Map Name,地图名称
/B7E4068C4207DD3A3D862AA700E8A13E,Map Specific,地图专属设置
/CC0104144555119FB6A791B823BE1893,Map Specific Scripts,地图专属设置脚本
/01DC62BE46C3D65EF84CCD96BF3F52B5,March,3月
/7B6742E9400637A7CEEEF3A879C99C06,March,3月
/7E9F7F604C16493A01CB42B43A264890,March,3月
/E2DFA61D4DD6DAAD01A94A98594426A0,March,3月
/B1DE93E3482AFB22B33B83A7AFC9C85F,Marksman Rifle Ammo Pouch,精确射手步枪弹药包
/BD06F7ED475F98D4253DE098C7464932,Master Volume,主音量
/7D2221D147692332973C7EA40E5C787F,"Matt ""Fatmarrow"" Farrow",Matt 'Fatmarrow' Farrow
/A91457664B88F6BAE741DCAD1BFCC164,Max,最高
/F6378EF3498D83A5EE3CE8855885294B,Max,最高
/07D06EA644505B0D7DD95D854BB24ECC,Max Chat Messages,最大聊天信息数
/3DBC8F944A47BFA675D9888AF86D2754,Max Framerate,最大帧率
/B40857A14B0CDD3EE2F151A1946C9BED,Max Pitch (Center-to-Bottom),最大垂直角度(中央到底部)
/6786E72941C46F6E6EC17A941603F1C0,Max Player Count Changed,最大玩家数变更
/FCBBF4E94F07975233ECA7ABB2E1F346,Max Players:,最大玩家数:
/BF0C02504ADE1DB93B550E84FE5DCF06,Max Yaw (Side-to-Side),最大水平角度(中央到两侧)
/1CD762C54FFCBD998979598FD4234C7A,Maximum,最大
/2383BD0D420434DC428586844ADFB6FB,May,5月
/3A22EE1D4263881B53C084A85F63E97E,May,5月
/C11776F546A4C61FFA0B90A279FE4430,May,5月
/F09B025B4E5104D0ECD71684AB07D55B,May,5月
/1A0ABA5D4C20CBF941A133A8645DDB09,May not be compatible with current actors.,可能与当前角色不兼容。
/1008AC4241B20907866CEBAB0B600B2B,Measuring...,测量中...
/51D9393B4C34E7190C8656AA22C52372,Medium,中
/592FBDF8423E46F5BBBEEB84CBE2643C,Medium,中
/5AC2350143E5B06636EF8ABE31D5A62B,Medium,中
/5D101609411E749D6A26F49BEF57E5A4,Medium,中
/64DE1CAA4C415BE5F02BBC8614E67503,Medium,中
/7B6C420A45809519B30CAAB0F540FB47,Medium,中
/8D5B0D7340234F29E6E74AAE1ADCD75E,Medium,中
/C166F1DF412CD8B8483F8696E42362E5,Medium,中
/CC0313A449ED95C0A53AAE9C7B3BD61B,Medium,中
/25316E614315F7313410D1A13A9885DC,Medium (Faster TAA),中(快速TAA)
/2CC0844246E4F81F6DC6A6B560157F4D,Mesh,预制模型
/47F23FF347566375FD4729A0C955ADA1,Message,信息
/8305A88841DBA6C09C5543A16E6617AB,Message,信息
/D4C020F540D61B77C064A5B7D344CD25,Message,信息
/306FD6AB41C9788256D4609E8DD56D8B,Message{\n}Message2,信息{\n}信息2
/6529F24040F75E6E2AEFC38D4B9F385B,Micro Iron Sight (Front),Micro准星(前)
/74CEE08A49A3BE2AE551CB8BE96502C4,Micro Iron Sight (Rear),Micro准星(后)
/099E3A79416DE99FEFC849941B8EAE42,Micro T-1,Micro T-1
/755D6BF043935DD29CC1A786E60CBA27,Micro T-1 (Raised),Micro T-1(增高)
/1A7F92B24F7E217B68DB99B7733545EF,Micro T-2,Micro T-2
/8178300B451671DB49D3C29FDFA5FA09,Micro T-2 (Raised),Micro T-2(增高)
/AA0F92BD45FFE121111A728896FF9778,MicroProse Software,MicroProse Software
/4C01C3CC4C49469F671CBEB1B34A8C8F,Microphone,麦克风
/E00C77FC40BA309DF48484A689F05B82,Mike Munk,Mike Munk
/2A4A20E94522326830A7EB9451B6E019,"Mikolaj ""Mikson"" Lawinski",Mikolaj 'Mikson' Lawinski
/1322736F4F16E33C00BE67B7E842272C,Min Pitch (Center-to-Top),最小水平角度(中央到顶部)
/EE6DBA78454ECA5EDB3BD7967E8FFB65,Minimum,最小
/C8C7829943C15CAE38C0738B4158C8AC,Mint Green,薄荷绿
/BDA6E5D1481310D938A8B88BF5F7957B,Mint Tan,薄荷沙
/5F1E09E3415706A40AADF48280EDC45E,Mission Author,任务作者
/0281FA2F4D0A5297DD16409E147E9BF0,Mission Coordinates:,任务坐标:
/2FDAAFC646C61D37640814AB2B323CFA,Mission Details,任务细节
/B539FF0D4D1F781C1BBA618D82DAB5FD,Mission Details,任务细节
/AED27FF44C9B898F75C0268629EFA7C7,Mission Failed,任务失败
/F568CFFB4801E75D18BE98879E219B98,Mission Intel,任务信息
/C4C310734411CB87F92C56A348D3A784,Mission Location:,任务位置:
/511622124DAA1A01205B56994B532F99,Mission Settings,任务设置
/D1884D5149AF2120E11C80AAAC5EC66C,Mission Settings,任务设置
/6E80DF774A4D2D86C7CAA8BBD1F3D329,Mission Successful,任务完成
/95FE1A424A9757ED028011BD610F0C43,Mission author name,任务作者名称
/C09C71004EC109C9477D2F8C945C3099,Mission author: {Author},任务作者:{Author}
/271A41B1476D630B6133FAB21AB42E0F,"Mission details:
","任务细节:
"
/0F9CDA76467DB3251D14509FAD79250D,Mission map,任务地图
/3AEAC7B848F86E048CE5FFAA2A9B70AB,Mission parameters can be edited by server admins or in offline play.,任务参数可在离线游玩时或由管理员编辑。
/DFF3667848B591220925B6AFCE178EBC,Mission settings,任务设置
/60F0184B45DCE38E62AFEABCA9103CA5,Mission weather forecast:,任务天气预报:
/46CD4EC647E7E0CFB18A1D8EF5E0EAC9,Mod Name,模组名称
/4F298C444145AC8B71034F9DA39FB9C6,ModID 0 is a special staging area in the game installation directory where new mods and mutators can be prepared and tested (for local play only).,ModID 0 是游戏安装目录中的一个特殊暂存区域，用于准备和测试新的模组与突变器（仅限本地游玩）
/BCD2D8F14DC6610193FB5390EFDF7C0B,ModID 0 is a special staging area in the game installation directory where new mods can be prepared and tested. You cannot unsubscribe from it.,ModID 0 是游戏安装目录中的一个特殊暂存区域，可用于准备和测试新的模组。你无法取消订阅该模组。
/B9F02F2D4428CBAD0277B884D577B676,"Mods can be enabled or disabled. If disabled, they persist in your local storage, but none of the mutators will be executed. It may be that the game will continue to use assets from disabled mods, such as patch textures, and so on. To completely disable every feature of a mod, you may need to unsubscribe from it.",模组可以启用或禁用。禁用后，模组仍会保留在本地存储中，但其中的突变器将不会被执行。某些情况下，游戏可能仍会使用来自已禁用模组的资源，例如补丁纹理等。若要完全禁用模组的所有功能，你可能需要取消订阅该模组。
/B56A39014675DD70C907FF8BABC52DE1,Moon elevation:,月亮高度:
/6A9693D84F42C46DF70BF194578AE03E,Moon phase:,月相:
/D9F813F74D9A72043C4C769CCAFA2F71,Moonlight intensity:,月光亮度:
/DE749FE74EE49E48F88C099406946E3F,More Options,更多选项
/7334FE1A4E4E21B3A29A1BAE4ECB8CAA,Mount,安装
/A85994A54B1542743890A4B03485F4B0,Mouse Sensitivity,鼠标灵敏度
/50E991314CCDBED1AE00CBB387456EBE,Mouse Smoothing,鼠标平滑
/2C2D04F44E9EEC1A2549F78C06E92AA4,Move,移动
/4F018F62456D5B57754485815B5F954C,Move Backward,向后移动
/69DC0DDE4517E3CD08E87A85724EC915,Move Backward,向后移动
/43152F2D4E8637ADC460E585B0A655F5,Move Forward,向前移动
/A08DB42E48C5A61F6326A5972DE15E86,Move Forward,向前移动
/01BE97F84A0AB759C6AFEA9CB20A4984,Move Left,向左移动
/BDBB8404491CC226B4E4B999E5562157,Move Left,向左移动
/0DD4F1A44828B4B1CDF07BB637BECA51,Move Right,向右移动
/826778C847EC2752C476158946B6EDDC,Move Right,向右移动
/D99C4D4C454DF7DCC247B88BF6260084,Move Up,向上移动
/AC85397D411E3333CE01FCAC5D5F748E,Move selected entries down.,向下移动
/98858F4D43B4A3A05B1294A69CE84D60,Move selected entries up.,向上移动
/2C1108BA4A50A3407C712F9B5744A7F9,Multiple Values,多个值
/4D1E10DD43804EB12FB427B4B1B201FB,Multiple Values,多个值
/895D392944EA1AC241618CA2C2CA09E1,Multiple Values,多个值
/A45E72D145E18FFDBCE150A157B98B96,Multiple Values,多个值
/BD852D01431DA2345A51488735ACD372,Music,音乐
/7367F3E246DFFAB6A5D661A5C07935B6,Must be a NEGATIVE value to work properly.,该选项需要设置为负数才能正常工作.
/2B96625344156881FB89BA9C33A97F7B,Mutator Name,突变器名称
/BF85C0324F2F5445DA961FBAD0E6A7C2,Mutator options:,突变器选项
/E618F55E458074D6A528B39FA017F6F9,Mutators,突变器
/2D9CC8364607C2AAB8A954B1695CBC12,Mutators have been reloaded and restarted,突变器被重新装载并重启
/D53F533947E2C815D6D6218C0230D5B6,Mutators typically fail to load if they contain programming errors,如果变异器包含编程错误，通常会导致加载失败。
/A9B9C3D94863CE8D7E7A1FA8D3A1A92D,Mute <player> because <reason>,已静音玩家<player>因为<reason>
/EC28CA574AEEE6E2278A44A0E6E4D6FD,Mute any player currently using VOIP.,静音任何当前使用VOIP的玩家.
/D5722E104EF65546B21EB7ADC1B1CD49,NAME,名称
/F1C8BBC6141D4C358C727304DE7BDCB7,NAME,名称
/9FC553A142092D01CD8BA09E0FCE7E63,NAME CHANGED,名称已变更
/7B2A4CDB49EC66F31F57A1A2B2DD5D64,NEW ADMIN,新增管理员
/056FFD1D4D1AF9218EB8BCA68AF1B7B4,NIGHT VISION GOGGLES (NVG),夜视仪(NVG)
/E2884FAA4744870A1C2AFBB39C3B8A79,NIGHT VISION RANGE,夜视范围
/3929A8B34CD6E91AC41847A959EC8FFC,NO,否
/68DCA76D4F964846993DEE937051D43D,NO,否
/8E2E8712419D07DD2C90879DCC38728D,NO,否
/C824FDBA42D0D0E0C1496FAA90AFE505,NO,否
/DCB5E4484CA0ED95DE8090AD602B02B9,NO,否
/1D37F4B849089EABFC50A9BDDB16AD0F,NO MAGAZINES,无弹匣
/9E82FF914C075C2C55B103867CDAFF00,NO PATCH,无徽章
/14E1B53B4993E6BC455B8AA059919AE0,NO ROUND CHAMBERED,膛内无弹
/D789E9A048C2924884641892F03F562D,NO SHELL CHAMBERED,膛内无弹
/4BD4CBDA46AA7DCDA2D6CF80D15C74DF,NO TEAM,无阵营
/C9A4EEF445701D682499BBB210E113BE,NO WINNER THIS ROUND,该局没有胜利者
/BCFD9FFE4B5CAFAB66B9188F8908CB98,NONE,无
/7B89410D44058EB8930C9AA14F815862,NOTICE,注意
/850EA0D1455936D113D3C6A7961320AB,NOTICE,注意
/F7CAF1014FA96B711AD8E884FD466AE5,NOTICE,注意
/A499693447D3AF62131F5F8B8D22A10C,NV Range        NV Range          NV Range          ,夜视范围！
/39F0547346C4A0C4887BDAA1C4DD1632,NVG Head Mount,夜视仪
/FC885C4A4792301A6398659724BB33AA,NVG IN USE!,夜视仪已启用
/08C405674238270C0F3A8BBB26CC76C1,NVIDIA DLSS is not supported by your hardware setup,NVIDIA DLSS不支持你当前的硬件设置
/24A3C71746508D5FFA1EF3B50ACF2F13,NVIDIA Reflex is not supported by your hardware setup,NVIDIA Reflex不支持你当前的硬件设置
/828E426144BB20AABAFE7180A3DCAD98,NVIDIA® DLSS,NVIDIA® DLSS
/F3A5C94549C17F65691CFCAD98DEA1B2,NVIDIA® DLSS,NVIDIA® DLSS
/88D050054D5E15FA683DCD860262D9FB,NVIDIA® DLSS Sharpness,NVIDIA® DLSS锐度
/C330A7F34FDD68FCC1178FA3B49D4602,NVIDIA® DLSS uses AI Super Resolution to provide the highest possible framerates at maximum graphics settings. DLSS requires an NVIDIA® RTX™ graphics card.,NVIDIA® DLSS 利用 AI 超分辨率技术，在最高画质设置下提供尽可能高的帧率。DLSS 需要 NVIDIA® RTX™ 显卡支持。
/38680D5C497A6863574766A52DD5E7A3,NVIDIA® Reflex,NVIDIA® Reflex
/029A193647D8009D035D26A9228F263C,NVIDIA® Reflex Flash Indicator,NVIDIA® Reflex 闪光指示器
/8E362CEF4C33D060FEBAA99DE24D48CC,"NVIDIA® Reflex is used to reduce system latency, which increases PC responsiveness.",NVIDIA® Reflex 用于降低系统延迟，从而提升电脑的响应速度。
/0017A78149D7FC5A53FBA4B9B3713B7F,Name,名称
/0F4809D7407E7B1948B9E3944BF0D236,Name,名称
/1897C79F4906F520A518BC8266D00F48,Name,名称
/2D340DB44EF62581D90461AA632BFF37,Name,名称
/8B9F70B942974E626CC0829FA0AB4786,Name,名称
/8D6C0A844AF9AAD3FE1709B8771622D7,Name,名称
/C49E5E45428E9D72D2CE3D9F16A3D1AB,Name,名称
/E59C0ED5415D140B22EB4BA98C8ACFB2,Name,名称
/055067DA40260023F2F390B6A93A21F1,Name :,名称：
/E5E876A749C713627D5B95BEC089AB4F,"Name, Name2, LongerName, VeryLongName, TooMuchText, StillMoreTex","Name, Name2, LongerName, VeryLongName, TooMuchText, StillMoreTex"
/DF19784D4A7DF0A5DBBAC4B6F1F8FD7B,NavBlock,寻路阻挡
/5CB8A7124836F4B6987D1DA2865A00F0,Navy,海军蓝
/087EC8494E7DC47201BF77A8575483CE,Need to specify a reason.,需要指定原因。
/2C9DA8C64A399DF42F51EEA92475DDAB,Need to specify a reason.,需要指定原因。
/B03C1F804C5780367C98638D19E713A1,Need to specify a reason.,需要指定原因。
/CEB0D69946CC83E9F382EEA654DF9046,Need to specify a reason.,需要指定原因。
/C4F16D644CA0A1AF3951FE90D6B60C87,Net driver already existed for listen server.,监听服务器的网络驱动已存在。
/7EAC27134EB1EA336AA0948E8FE51B88,Network Failure Type,网络故障类型
/E7743F5941B69C0B282AD084CC3718F6,Network Version: {0},网络版本: {0}
/53FB20764C70A6439F849AB525FEE231,New,新建
/D1DB25F8483B6B5A772D57990C0A6A77,New,新建
/238FEC6A40AD75DDDBB02F99809F1D78,Next Map,下张地图
/3E10F8644149FE7A687072B664C7818A,Next Map,下张地图
/2229E85B46F5C9498B486CA43537F225,Next Route Tags,下个路径tag
/279108BB4611D97B078DA98F6B2DAF53,Next Sight,下个瞄具
/91E10E7546071C6B5152ECA8D03FF97E,Next Target >,下一个目标 >
/24B400594F4CA43A94CE77A67260DEDA,Next/Previous Player,前一名/前一名玩家
/DFBF1D864244303DF85952B1AF442576,Next/Previous Player,前一名/前一名玩家
/F307DEE54CE94CAABD5B91BFE0EAF96C,Night Vision,夜视
/01D6EF4946065E1BDD2B668B5CEF9DD0,Night Vision Goggles,夜视仪
/E02FD5E64AD67F0D46BAD98384BE2CB4,Night Vision Goggles,夜视仪
/77677C624449E356DE2E1CA4E529094D,Night Vision Mode,夜视模式
/B1C21B2B40E9E380CE679D946792501B,"Night lighting forecast:
","夜间光照预计:
"
/03EE62984B5645CCFD4B748E11EF94CE,Night visibility (night vision):,夜间能见度(夜视):
/5B01302842A28915C963E8945B5A727C,Night visibility (unaided):,夜间能见度(无辅助):
/00EBFDD34D79BB7831CB7EA819EE102A,No,否
/17B21E1549358F23BC0CF4849158C84D,No,否
/463F8ED943C918F3C21E4FBB4F32ACF1,No,否
/7B4DEA594557D11B99E956B191185810,No,否
/83FED6FA417E97A3CFE3C194A30EB72C,No,否
/9781F4FC499811DA81DAD29CAB79C177,No,否
/A83564774A98B728B6042EB1DFB777DB,No,否
/B1FE751E4CA554981B7B99A9C6D661F7,No,否
/E1C4B4964F41F5A77623809449ACCB54,No,否
/81A538F1462FA67161D75DB73EE446B8,No Magazines,无弹匣
/3D0137034105506FD6032EB983CA7C6F,No Restrictions,无限制
/C079A78848152503AF3C5AB149E9652D,No Retention,不回收弹匣
/E96D139B4EFDBD0137C7B79617E47BA6,"No ammunition for: {0}

Go back to editor?","{0}没有弹药

返回编辑吗?"
/4FAF56134D0345B0CE138C9727C2E1D9,No level found in the loaded package.,在已加载的资源包中未找到关卡。
/9319C2AC411D8448BC5320BA29D9B7BA,No password was specified.,没有指定密码.
/893F8F6449976F1CC0E92EB92987A909,No patch is set,没有设置徽章
/8E12F95D4AC7D9BCC2D3E5A299AE44C5,No patch placement area selected.,没有选定徽章放置区域
/AF92DE6440683CC2193837A3699DD35F,No problems detected,没有检测到问题
/4213888D45B50F9661921889EB57BD16,No reason specified.,没有指定原因
/A9ED5C334843747C5B17DB913C10983F,No reason specified.,没有指定原因
/E27934814ECAD8B8718F4F8B0C50F88B,No reason specified.,没有指定原因
/EC91F482451F5F914A717A8C976B7FD8,No reason specified.,没有指定原因
/FE681F1146501AFF8951CAA8F8F63C28,No screenshots found,没有发现截图
/0E06713C4AF9E214611123BF168C3FA9,No screenshots were found for the current base map,没有发现当前地图的截图
/0B0AFBB448D72E2A1FF2E8AD7DCD415A,"Non-Team/Controlled
Group: None
Active
","非团队/控制
团队：无
活动中"
/1B4D7BEF4477FF9ABA51D283FB2F6D9C,"Non-Team/Controlled
Group: None
Active
","非团队/控制
团队：无
活动中"
/9212AABF4246038DEEFC178D9F39B46B,"Non-Team/Controlled
Group: None
Active
","非团队/控制
团队：无
活动中"
/BE4E7B0445D589125402988729BA459B,"Non-Team/Controlled
Group: None
Active
","非团队/控制
团队：无
活动中"
/E30C3FAE444319A6D021A79DF2790C37,"Non-Team/Controlled
Group: None
Active
","非团队/控制
团队：无
活动中"
/1710FA8C4ACE52901CB155A0BA96D400,None,无
/394D0C344728448CF5857E84A931D553,None,无
/5905F2C14F5C7CF7835E41894825F2B1,None,无
/73A4B0974D2FA4FB6BDF6A9596112312,None,无
/74FF6867411411EAF049E7B132D93F91,None,无
/88F902044F57A5122F7A76BBB84C35D3,None,无
/C4BDD72E4895F47415ED62B96C4A048D,None,无
/D785427A40427BDF8DFE77AFE3F495D1,None,无
/F0BFB8624A82DF2226A33AB5ABEDE349,None,无
/8E4D55A543099111681EBCA010C2AADA,Normal,正常
/F55A92034F261880E786F79B8FED3643,Normal,正常
/2568E8E84E233412649C3E9CB4C50712,Not placeable.,无法放置
/10E05D294FB1D07BA0D48F91504B1E7E,November,11月
/335319E94A9A1182AD56158716E0A237,November,11月
/478943304CF542861EF6DBAA4A1EDE2A,November,11月
/FDE6DFAE42CA0DA59B457BBFC781C655,November,11月
/512A05AF4A0FF3CB49F906AD20ED5D90,Number,数字
/1DE827F94CD691FD63C74891ED7DDE2D,OCP,作战迷彩
/52EF10134C2EF6A9CF6CBD9DFBBAED98,OD Green,橄榄绿
/00971A3843F31B186B44CE9A33DC0972,OK,是
/0F3A69BE46E15DB5DB39F2809BDF3D26,OK,是
/61399F264986AE7A2948E5A72C57D6E2,OK,是
/755BB7C24384E73BAED813996CA2DFAD,OK,是
/7DFB0C604CD40763AB6052858DC61D80,OK,是
/88E801CC49B7EAEA7B175895DE5EA364,OK,是
/AB8A9D2043FC7F3A7923168B9741FEBF,OK,是
/AC0F5EE644CE0E93607ECAB5DA666522,OK,是
/D8E3F9A548E81914C2515CB3C6ED35A4,OK,是
/EC27B2F94D59F8C38B81269608E14641,OK,是
/B75BBC574AB710C43D7832B7E4D41E99,OKP-7,OKP-7
/E84CC3574A52081BF967CA843D5A30F5,ON DUTY:,任务中:
/5021B5F547B737C3E1C0BC9219EEECB8,ONLINE PLAYERS,在线玩家
/AC0D97E342BC7F21A88071A477BD8175,ONLINE PLAYERS,在线玩家
/CE56712E45A0CBDAF1A8C388D29B2C63,ONLINE PLAYERS,在线玩家
/B10ACDBC4E36DBFB09CCA09E1A9BB480,OPEN FOLDER,打开文件夹
/B0277F1C49723B4CA6D4B39A26FC66D3,OPERATIONS,行动
/1CEDBFF541E8BFF8661FA5AA3D23E91A,OPERATIONS        OPERATIONS        OPERATIONS        ,行动        行动        行动
/2C4BDE714244589BABD2699B86FD3D6B,OPERATIONS ROOM,行动室
/F27A9F5F406D9E2D00AB0CB32BA4FA56,OPERATOR,干员
/4490494D424064A34855599D955BDDA4,OPFOR COUNT TOO HIGH,敌军数量太多
/1E21D2834BE7E550103025AB18E34393,OPS BOARD,行动面板
/8B8FDA594AF015412768C2B965EB55CA,OTHER,其他
/F22DCD6F423518223FFA878CC398161C,OTHER,其他
/DA26B5684726A97E21E46DA4EDD1604D,OUT OF ACTION,你死了
/1FD992514A659A3BB09D0C893EE4A603,OUTFIT,服装
/67184CF0404545A83A6563A9A327B534,OUTFIT,服装
/81186B874F3F4E29DE029B99214B92AE,OVERALL,总体
/7CB11A4E490BA6420003BFAC2290C320,OVERWRITE,覆盖
/C07C65B14D9F4D73EFA99F86D0BE9099,OVERWRITE,覆盖
/366D06254C904A1BB6A6BE94EE762C7C,October,10月
/77E0F28E470BE435B7226A93B2AEFD50,October,10月
/D37286484A649E905AC03D9D5B7E35F5,October,10月
/D99766504D62DAE6B65C239B99D48ACD,October,10月
/050C17FE492B15B7364A8C8FFB6039EE,Off,关
/06B19CE24234D5054CA045975592523E,Off,关
/0D02B4C342ACCEE848DD7082197BD88F,Off,关
/1F60A5FF4AC4BB01B026D299A259CF87,Off,关
/3B5D50E14000C9A93CE946A35A8DF649,Off,关
/624E82444F59DF59E841FB9CCB02EF32,Off,关
/7E4940D24DA4B2303490619700589DD1,Off,关
/B0B9586A43637369579423B7FDD70739,Off,关
/B8F320214DD49479A6A21492A2ECCA53,Off,关
/CAFF294A4BA443803746639A436B1F41,Off,关
/DB4EA8B04C34F50C70C2F9A044212721,Off,关
/E990D53249025B299111DFA906D4292C,Off,关
/FB2C27874ED777F964F2CE85E434CFF7,Off,关
/E7F884A0476C8C69727D83B069510610,Off (Best Performance),关(最佳性能)
/41152CF04CA1C4E1C683499950C0904E,Offline,离线
/072DCDB34A5FCD9E98BADABC80EF0C3A,Offset Rail,侧导轨
/1DC823284204E58E9A43B29975BDFBE6,Ok,好
/7DEABA1A4F415801DC30B6A8757A439F,Ok,好
/DA1461CA4E9C8EFFDD09B4ABDCA155FF,OkCancel,选项
/AD22A48948AA90AD4914DFAE32BECF56,Olive Drab,军绿色
/294DF5314BBC21F96E5D388D42375F67,On,开
/5549E8144D167D8650796386687CE663,On,开
/8F2B9B2E4F29D35901BE25985A25EA8D,On,开
/FCEFEA074136CA9D65493CB70E01FF28,On,开
/D1BEB1E2416820CA724E7FB0C6F8B634,On + Boost,开 + Boost
/3BED02CA419BB0AC2B55A2B4A5A77154,One Level,一级
/B27C17514F4E43C7EB533EB3FB4BD00B,Online,在线
/362221AA48C421CBB305509EDDE835FF,Only admins or players on this list may join.,只有在该名单的管理员或玩家才能加入
/0D8DB66B43CA2BFB995DE0AFF415CF34,Only rectangular format patches can be used as body patches,只有矩形格式的徽章才能用作身上的徽章。
/EF7625B14A84FB2837356B99826B0C40,Open the folder containing the mutator,打开包含该突变器的文件夹
/0E57BC6D4040AF9B7E2BE7B36CB3BD2B,Open the folder where the mod is currently stored,打开当前模组所在的文件夹
/BDE3A1CD4711A50BE19F638A9336694B,Operate Action / Insert Shell,执行操作  / 装填弹壳
/D085881146135D00D7F1549FE6A02AA3,Operate bolt and chamber new round,拉动枪机重新供弹
/6E63216F487846BF083532BE646099ED,Operation,行动
/A59E0FCF441D9F2C9005B08C96934AA0,Operation,行动
/11947BFF4B88B64F0EDFA99026FB2402,Operations Room,行动室
/9A6EEFC348740FD7A110338BBE0D07F7,Operator Edition Supporters & Early Backers,特别版支持者与早期资助者
/7935478F4ADD6030636B3F822719E42A,Opfor count is above recommended maximum (30). Performance may be degraded.,敌方人数已超过推荐上限（30人），可能会影响性能。
/348B38D0419005BCF36B72A212819EF1,Options,选项
/35BF7DD04DAEAE2D19540982085CEFB3,Over Shoulder,越肩
/5D0EC1634C8A8468CAE0148F6B4CCDEB,Over The Shoulder,越肩
/C693CFC14482FF0F607DD6889A8513BB,Over the Shoulder Camera Distance,越肩视角距离
/821019CE43F595C74A0664A1B7D76AFF,Over the Shoulder Camera Offset,越肩视角偏移
/319C9E204805C3366EAF21BD5348C1D3,Overcast,阴天 / 多云
/584B40F847FEACC5BFA0F1908E37B678,PACK,背包
/DA618B844419605EBA77ABB275F6FBF6,PANTS,裤子
/1111548E453B8FF62C37FEA203D3AD07,PATCH TO USE,使用的徽章
/76D74E09475F7F53E0AEBDA0716170E7,PING,延迟
/CA33886948E87ED8A1DDE29FE04CF16D,PING,延迟
/18D49250442B129E25F6618AD7AFB823,PKM,PKM
/9E862F7349A6E0C9310344989799A54C,PLATFORM,背心
/59D666DA405BF79336A6E4B916AF5631,PLAY,开始
/845D6E7643DB394B86C25191D6F60B91,PLAY,开始
/BD40354B452B1CF56D3001807799B828,PLAYER,玩家
/C6DE25274531D32AFBAE44ACF5A184D6,PLAYER,玩家
/0889416541D5AB061EA57FA188635303,PLAYER LIST,玩家列表
/1F4526094865DFCDC69669A60DAF3CD8,PLAYER LIST,玩家列表
/3B1374A74FDD374875456FB304473610,PLAYER SCORES,玩家分数
/CA2C9C0446BA3A20CD03BBB5201A64CF,PLAYERNAME,玩家名称
/8504A4464AB991821E5763856A84FFE4,PLAYERS,玩家数
/485F21194E17C74BF4977CBA6DE422E4_TextAMPM2,PM,下午
/1CCC9D894E2603581EF7A1A12F44CB2B,PM II (5–25x),PM II (5–25x)
/83166BEF4BFC0303AA30A39CA460B0E0,PMAG 30rd [5.56 NATO],5.56x45mm 30发弹匣(PMAG)
/8F3459554BB1F0162581DBBEC5625F72,PMAG 35rd [5.56 NATO],5.56x45mm 35发弹匣(PMAG)
/055A98C042F18D19CF55CE9BA77CEB06,PMM,PMM
/91330318449513FD1753358A37E99BB7,PMM 8rd [9×18MM],9x18mm 12发弹匣(PMM)
/82437C7B46CB104E0EAD23A815452C19,POST-PROCESSING,后期处理
/B44157674C7D69B5C38679A7C0EBBADE,POUCHES,副包
/F84D2A834D9CB5A561C1EDACDE86C3A2,PREFERRED CALLSIGN,首选呼号
/BE58814C47B16B634BB0ABA8B80EFBCB,PRESET,预设
/980ACE60421B3B504B1C839B233A53E2,PRESET NAME,预设名称
/01F0F22A48C828389C874E8A05A55484,PRESS ANY KEY TO CONTINUE,按任意键继续
/508182CA47833F6AEF81F3B9A87203B0,PRIMARY,主武器
/5A42FF3945DA6F9D54B030AE70679800,PRIMARY,主武器
/29B6215B49B73350A8675EA748776B38,PRIMARY OBJECTIVES,主要任务目标
/8C9766B7418110B8F8A731A0C89B91DA,PRIMARY OBJECTIVES,主要任务目标
/483C323549DCC87E72B24CB3B412295E,PRIORITY,优先级
/A9BBCA964E774FA56BE836A936201900,PRIORITY,优先级
/CA35F0B940FF63C8B46B16ABB57A9E33,PRIORITY,优先级
/217253594694C681E83CE288F08D25A0,PRO,PRO
/64BC5C004BABE4CCA1B470841299C10E,PROHIBITED,禁止的
/D793E9DA4CAE33868AF76B90D5930F02,PROHIBITED,禁止的
/C0F518C949947B2BAF76B180646F47E7,"PROXIMITY
ALERT","接近
提醒"
/DA181BF6459E5160390A8784C0AF5630,PSO-1M2 (4x),PSO-1M2 (4x)
/3C28A226417D29060C4F67A929AA1805,Panning,Panning (视觉或听觉体验优化)
/4FF9AEF64B4C97F81A4BCA82B6EC29D3,Passed,通过
/DC1251844A0E8BD65AF3A3A3F31BEA8D,Password was incorrect.,密码错误.
/14A0E66946D362CABE3F48B7CE313E6E,Patch (Body Left),徽章(身体左侧)
/DC5C054D468BD1C639BD1AA33B4D5895,Patch (Body Right),徽章(身体右侧)
/09EF672E4154F5A7A37A9BB3DF73476D,Patch (Call Sign),徽章(呼号)
/514247D540276349835612B2A665FAAC,Patch (Head Centre),徽章(头部中央)
/6C11F51646CC6A4423E77DA0CB9CFAB0,Patch (Head Left),徽章(头部左侧)
/D8FDBBF644E0AC809C260EBDA443BE1B,Patch (Head Right),徽章(头部右侧)
/E49A989040363EC684D63087C291D95D,Patch tint:,徽章色调:
/2F3216A94F5EE9774C062FB392E484FB,Patch to use if main patch is not available online,当徽章无法在线获取时使用的备用徽章
/AD121D634B8ED4EF2DC0E2963F2D80E2,Patch type:,徽章类型:
/40D7B3A34DFC69B7903C36A16577A150,Patrol,巡逻
/CB0D62A64221FA6BEA07FFB27F38D080,Patrol,巡逻
/F741F27A4E0339074EC31397EC20FE48,Pau Peñalver,Pau Peñalver
/AA43DB894C0457B8123F6094B1E7A0DF,Pawel Smolewski,Pawel Smolewski
/8E9BF2BB4AFF12922CCE28BDA723BC66,Performance,性能
/73C0FD31416BA052C5051693FA3003C6,Pick,选择
/C32A4C6240D731FA1D224799678F51EC,Pick New Date,选个日期
/AE0D77D545B767600ED5ED9ED380BC77,Ping :,延迟：
/3104C1924FB011AD97AD08BD8D2D2C17,Ping: XXX,延迟：XXX
/C4A157534716769832DEBBA3AD383088,Ping: {0},延迟： {0}
/5B9A89BA4001C50DA09B4B8C6067EDEC,Place a bomb for use with defuse style game modes,放置用于拆弹模式的炸弹
/D256A8A147B80DAF420ED5A66980551B,Place a generic game trigger for use by custom game modes,放置用于自定义模式的通用游戏触发器
/FF55C7EB4F3FFA8A8EC81BA89E1D9F62,Place a laptop for use in uplink or intel retrieval game modes,放置用于进攻/守护固定设备模式以及情报回收模式的笔记本
/C27A1F714ACACC34EFA665A56D47825F,"Place a limited range of meshes to block lines of sight near spawns, and to block off map boundaries in map variants using only part of the map","放置模型来阻挡出生点附近的视线, 或在一些仅使用部分地图区域的任务中划分边界。"
/F4BA1A894F6B7C7EEB1332B90ADC3884,Place a possible AI spawn point,放置AI可能的出生点
/9ABEDBE743520DEBAEA17CAD24A89CC5,Place a spawn protection volume for use in uplink game mode,放置用于进攻/守护固定设备模式的保护区
/809EC7F844850BA87BAEB48284407A67,Place an extraction point for use in intel retrieval missions,放置用于情报回收模式的撤离点
/FFF7423D494AEE92ED0391AB3EF7725B,"Place an insertion point to define human player starts, or mission objectives in some game modes",放置用于定义玩家进入位置的进入点或某些模式中的任务目标
/259DB5A34DBCD42FDC8603ADB2A37EB4,Placement Name,放置名称
/818C7B024854B47711F1B6AB2263081E,Placement Name,放置名称
/D687F9E3449DDA454D979CB8B63799CB,Plate Carrier (JPC),携板背心(JPC)
/A781E1DB4DE77D05109BFA90FA870D94,Plate Carrier (MPC),携板背心(MPC)
/11C1FF494EF13D1BF35C3DA6B52162FE,"Play a solo mission against enemy AI.

GROUND BRANCH will feature a full single player experience with missions and controllable AI teammates.",游玩单人任务对阵敌人AI， GROUND BRANCH未来将具备完善的单人游戏体验，包括任务和可控制的AI队友。
/E1D4D7974B57BFE620626F86C540F2B5,Play a solo mission.,游玩单人任务.
/04FD6E964A0C7A317A832A86995BABC1,Player Name,玩家名称
/2347915D479A7E86337AFFA29A9374E8,Player Name,玩家名称
/4FFF5D4C41A3369AA31B4487EAF202A2,Player Name,玩家名称
/7CA9E3BE44984F53C9E109932AC76E53,Player Name,玩家名称
/892DC4A6C4AF4DDC9029D9A663431FD2,Player Name,玩家名称
/A1E37F243FF14F1DB31B8A4FFB88CFC9,Player Name,玩家名称
/E437A03D406EC31A18465C9C8C23E555,Player Name,玩家名称
/3A1004804F284FA9B0455BA845E112BA,Player Name Plates,玩家名称牌
/B81A626941EBE8DE6B728BBCC6D26B5D,Player Start,玩家出生点
/60A893F54C9E9F9F4A35D19B65E83704,"Player names are only displayed
in the Ready Room.","玩家名称显示
仅限于准备区中。"
/092DD0F34A38A2FB342B2C9CE2944447,PlayerName,玩家名称
/15DE94FE40AC52C3CB617498915C1A08,PlayerName,玩家名称
/33E597244BF2B75B38D75B92CA83962F,PlayerName,玩家名称
/044AAA4B4DF49ED03BEA89B970116D5F,PlayerName:,玩家名称
/F093B96B40EE32F32C699FA2BEF9526D,Players :,玩家：
/7A98B99B40D174FD13A6F8A69D317EAE,Playing with more than 30 AI is not recommended and may seriously affect performance.,不建议使用超过 30 名 AI，这可能会严重影响游戏流畅性。
/503A68824A457E33E21016A8AD289566,Please enter a Name and SteamId:,请输入名称和 Steam ID：
/B47FA67D440A117C9FC0F8A3E43B40AE,Please name this build (e.g. {0}):,请为此构建命名（例如：{0}）：
/ECCFF9FC43742AE19201E580C0401E60,Please type in a name for this preset.,请为该预设指定一个名称
/EBE8C5E14D24E743A106C2A580BBE755,Polo,Polo衫
/799665E243EE79F02665A68D23CFD86F,Polo Tucked,Polo(塞入)
/1A936A4747EA01C2ADD5F38E1C109454,Poor,低
/A2267A794A6C9D3856D5DBA9866FD3C9,Poor,低
/6AC18A2E4AFA5E8DEF1C08BC905FAAE2,Post-Process AA Quality,后期处理抗锯齿质量
/444F212B4199C95F320EEA866903D3C4,Post-Process Sharpening,后期处理锐度
/E9476D9C44270E01DF83F5B63A055531,PostProcessQuality,后期处理质量
/642C9B574804BC7AF727E2AAE18783E1,Preparing to connect,准备连接中
/1BFCA5994A4D2AD8D1BDFB86188C518D,Preset Name,预设名称
/973E8DE5476F34E1A7AE9D9EE7822346,Preset meshes,预设模型
/95711FC44FD760A6454C7F8713335B69,Press,按
/CAA7128A47CFA08083952EBDE44F473C,Press,按
/8BE4093849DEF3A71F9E179D04ADAE73,"Press [Enter] or you will
 return to Ready Room.","按[Enter]或者
你将返回准备室."
/58410AAF46F77097181D4C8F63269C0E,Press any key or mouse button,按任意键或鼠标键
/C7B0EC7E4422B92E67E248ACA78CD445,Press any key or mouse button,按任意键或鼠标键
/9C48B76B43BC184B0D303C91B1B0C0C3,Prevent AI passing through the area enclosed by this volume,防止AI通过放置此体积的区域
/8A22667C4804CB911EF0449D03125D7B,Prevent players (but not projectiles etc) passing through the area defined by this volume,防止玩家通过（子弹可以）放置此体积的区域
/CD6096CB42908937A30133A50C6704DE,Previous Item,上一个物品
/CD55BBAC43CE13135722DFB96FB1AABA,Previous Sight,上一个瞄具
/C2355D6A4E0AE4609CAC2084DFC92AF4,Primary Ammo,主武器弹药
/CC4AC7024DC63519C21BF0AD2E01D68F,Primary Objectives Completed,主要任务目标完成
/0C4BD58E49C28EF4858875864F8B5512,Primary Weapon,主武器
/30F7A8444B0C08752851BFA880A8E5AC,Primary Weapon,主武器
/C5640AAB43D868BE80E1129C98AA3466,Primary Weapon,主武器
/3FB2BC0141CCA42183C880849EAC9B89,Priority,优先级
/61A532E341E648318C0BB0834EC51E63,Problems detected with the level setup,检测到到地图存在的问题:
/27A883714F254843E00BBB9D0CA00D4E,Problems detected with the mission setup:,检测到任务存在的问题:
/925367AD483E1DB43ECA03AA026DF495,Proper hover map description.,地图上方悬停显示的描述信息
/26742F8142F1B84EEA7FA7BEA82D7FB9,"Proper hover map description.
Around two lines or twenty or so words.",地图上方悬停显示的描述信息，大约两行或二十个字左右的简短说明
/9CB131394FA650EB14DDBDB20107C05A,Prowlaz,Prowlaz
/8BDAF00E45C2E2548894ACA7F741503C,Prowlaz and UN1T,Prowlaz and UN1T
/1018368B48F3A97472BDBCA1D06163B8,Proximity voice. Can be heard by nearby players of any team.,讲话的语音可以被附近任何阵营的玩家听到.
/4E07ECAA42F848E4567DE2A651558F6C,Pulling the trigger mid-reload may result in no new round being chambered.,装填途中击发会清空枪膛
/50D720B54C348B03FCFEE4B86ADC1402,Pulling the trigger mid-reload may result in no shell in the chamber.,装填途中击发会导致膛内无弹
/28630AD84D09DAF3CE588AA6A949C017,Pulling the trigger mid-reload may result in the bolt being forward when it should be back.,装填途中击发会导致枪机未处于开膛待击状态
/5395B19B45D1A3BD14D5F299ACD162C3,Pulling the trigger mid-reload may result in the bolt being held open on an empty chamber.,装填途中击发会清空枪膛并使枪机处于非闭膛待击状态
/AD7806624D7AF2BBD00BB7879F84215E,Push-to-Talk (PTT),按住讲话(PTT)
/16CAD1FD474E8EEB14AA0F833732F30D,PvP Matches:,PvP对战:
/DEE9E61446E2F45A8FF195843ACF385B,Quality,质量
/623F14094DB09E4C207DDD93086AF22A,Quality Level,质量等级
/AE0DA6F745F599895DFE778B29565BEA,Quick player admin commands,快速玩家管理命令
/B40A50BE465680EBA198E391944A451E,RADIAL ENTRY TEXT THAT IS LONG,长径向输入文本
/E497A3FF47DF18B1B20A0C951BC3EE85,RAIL / MOUNTS,导轨配件
/BF85A95B4B693D95C8E8D3AA1A4F3D9E,RAIL ADAPTERS,导轨适配器
/FA3EEE254694BD7EC64C2E850CE99158,RANGE (M),距离(M)
/411DC9A7422624C46EB468AF22DBAE1B,RANGEFINDER,测距仪
/AF6FB99A46D911E8F459068F49AC3645,RE-SUPPLY,重新补给
/FB3CAAA345CC87445FC9F19E4BA0D9B5,READY ROOM,准备室
/92411ABE4F11F08868E527A7562457FD,READYING YOUR WEAPON,准备射击
/7216832C42FC0370EC1F1CACF0E7072A,REASON,原因
/CE835F02415A52859A3540B27C2C3B15,REASON,原因
/14E636E449DE826593C64A97CA2D7489,RED,红色
/780A729144A5C47E8858998149C9E448,RED TEAM LEADS THE MATCH BY 3 POINTS,红队因领先3分胜利
/8A086098435A9CBAC910F38139A5A44B,RED TEAM WINS THE ROUND,本回合红队胜利
/3B8AFB6B41627CCAB26DC8B8E4BB2724,REFRESH,刷新
/D3D5B24640652D1260091281914DB1A7,REFRESH,刷新
/3A74F1F84D84943F491605A38BEB3050,REFRESH LIST,刷新列表
/D416A9BC4AE62C24DC6C8695CAA34E3F,REFRESH LIST,刷新列表
/07FF8B5C46EBEEC05690D8BCED8128B7,RELOAD ALL MUTATORS,装载所有的变异器
/B1C43D9A41127F0B8660EC8B6A026E6E,RELOAD MUTATOR,装载变异器
/1AF92FA74CD23EB626E7CEAED6074466,RELOADING,装填中
/0E8F54E6411406461F6D3DBD64E79EE0,REMOVE,移除
/C061D158449EE4872AEE508DB90E3122,REMOVE ADMIN,移除管理员
/452C71164003EB923A96B8A72787EB67,REMOVE FROM ALL WHITELISTS,从所有白名单中移除
/75BB560A4237EEA0971572B7987F4E1D,REMOVE FROM ALL {BlackOrWhiteList}S,从所有{BlackOrWhiteList}移除
/6A785B41431F6D9AE2619A8D61F7D03F,REMOVE FROM {BlackOrWhiteList},从{BlackOrWhiteList}移除
/0A2155A747FAC527E834CA926770A277,REPORT,举报
/9CF87B2D4D5D101A4CC4338F40A10422,REPORT,举报
/56AD85F7482AF6D4B39061A2479FB581,REPORT BUG,反馈BUG
/C43955B44934699DD9819A9D13F1BA61,REPORT BUG,反馈BUG
/E577F799409FFCFEB77B71A005A40A46,RESET,重设
/3F4A684B4281FA10F040CCBC5B851F5C,RESET DEFAULT,重设为默认值
/BE6726C04F8F56D32D0F8C9B789320CC,RESET DEFAULT,重设为默认值
/D0CEE8804B16C06548FC1A867FEDD754,RESET DEFAULT,重设为默认值
/F93A6F844B842D4B6F31CD8C38E6F810,RESET DEFAULT,重设为默认值
/FB12FA5C42B45BAAC7669A83A3AE2CAC,RESET DEFAULT,重设为默认值
/0DFD2BA3482CFDB0B7C2B28058D02C20,RESET HINTS,重置提示
/1B0078B641DC327A751921B3D08A79EE,RESPAWN,重生
/1D45120A46A41640D73318A947A9BE5C,RESPAWN,重生
/25F00468495F9D894E0D99BCA3A1D153,RESTART REQUIRED,需要重启游戏
/99F008B2499E069C5C8E0FB34C7FF25F,RETICLE BRIGHTNESS,分划亮度
/D28F3D504846FC74924EC08F9A14BBB8,RETICLES,分划
/5289BB1F498CF863130411A9D9C1CD35,RETURN TO MAIN MENU,返回主菜单
/FAED5B504CD8DEBA67C729AA178A51CC,RETURN TO MAIN MENU,返回主菜单
/FB67F18C4E4C1D9FD4BE4088D6FA2580,RETURNING TO READY ROOM,返回准备室中
/0DC6322743C20E8309370783F5BDB576,REVERT,回退
/27BC2B2043C8148EC18FBCA3A0431919,REVERT,回退
/614AB4AD4EB669F7087E97B4B224AAEF,REVERT,回退
/91559F8D42AFFCCB2C2CA6AC94B387D2,REVERT,回退
/94A043D24847F5EAA80419BDEEC31DAB,REVERT,回退
/ACDF10C6462D3D9CC6FF8EAB4B999824,REVERT,回退
/EF894E52400E72FE445A37A8ABD2B604,REVERT,回退
/F2F24FDB4A9682DB293AF89586A09C75,REVERT,回退
/FB85A389426B1B34959B3597F7CD90CF,REVERT,回退
/86B629074E9B422579C32F9487257728,RIS Handguard (MP5),RIS护木(MP5)
/32DDE41949B09F2A355DEA8214551AE7,RMR (Flat Mount),RMR(平导轨)
/1B7EE61B4340C5497787029AA3E453A4,RMR (Low Rail),RMR(低导轨)
/665D233C47101778B28094A7C88EB4B6,RMR (Tall Rail),RMR(高导轨)
/1A1B1B354E9DA8CCE4A621ABA15CC500,ROLE,角色
/4D3979304D81812D3FDC9FB9B9E0E778,ROLE,角色
/6C606D2F40397C65DF2E7F93363C7C04,ROLE,角色
/49BFD4DE4A85D8A80D995085467BBF22,ROSTER,名单
/CFBCB9D94162F2D3DF8E6084116323D7,Radial Menu Sensitivity,环形菜单灵敏度
/AE8A3EA5480F8426C40FCFBA585375EB,Radio (VOIP),无线电(VOIP)
/B075AD634DDF4EA2DC64DCA98C34EB4C,Radio (VOIP),无线电(VOIP)
/CE7CB1534C66D72DE26CC399E44A74FA,Rail Panel (Long),导轨护片(长)
/027C38B940390D93DA91D78FCB858FC2,Rail Panel (Short),导轨护片(短)
/A73444CD4C9ADDFDFF4AD1A932418680,Raise Weapon,抬起武器
/CFE4A1B244A8581F6F52088174F7F984,Raise Weapon,抬起武器
/2699F2374D342B8297AA34A1A3C4DA72,Raise Weapon / Switch Sights (ADS),抬起武器/切换瞄具（瞄准）
/CCE776F74389876A1118EC86D95F6233,Raise Weapon / Switch Sights (ADS),抬起武器/切换瞄具（瞄准）
/2E4EFE3A400409B983E06E9ED4D0D8AA,"Raise weapon from LOW READY to READY, or from READY to HIGH READY.

When aiming (ADS), switches to/from additional sights if equipped.","抬起武器，从低姿到准备姿态或从准备姿态到高姿
当瞄准时，如已装别，可以切换到辅助/额外的瞄准具。"
/2EF1CE08442AF81EBDCC74B2DD978C44,Raise/Lower Tablet,抬起/放下平板
/DD8C49C6414FA77369FC77861995464B,Rangefinder,测距仪
/24D2D17944D48B6FE53544A594FF8A68,Ranger Green,游骑兵绿
/2A5F6A754FD790634CDFD3827E958B26,Re-Supply,重新补给
/8302BE8D45BE045A02A470B321209BB0,Re-equipped loadout.,已重新装备。
/E90FF5E444035F164E28A1BF680DF9AF,Ready Players,准备好的玩家
/AC650C9F445FB0F98432BBB9D78124BE,Ready Room,准备室
/6EEB9A59445DDCD2D862718B4A5D306B,ReadyCountdown,准备阶段倒计时
/F627AC454DCB4878F32E9DAB3EF3F9A7,Rear Sight (SDASS),觇孔(SDASS)
/626BF1A44D973E875422CABB3BC2760C,Reason for kick?,踢出理由是?
/6B3A9BDB4B465C788AB241A7BA16EB1D,Reason for kick?,踢出理由是?
/8C376CB74B4BF8B6C213CDB76BC18603,Reason for kick?,踢出理由是?
/B86CAF094338140683DA3CB9C9B4F88E,Reason for kick?,踢出理由是?
/D206A7D04331882AFFF565811CF583B8,Reason for voting that could be quite long.,投票的理由可能会很长。
/19971CAA45325392597A1DABAAD0B381,Red,红色
/CEDE92C94B8E400943FA7A9E1E6CFDA5,Red,红色
/0F1B04A2418EEC3BF668FAA7A9F7C684,Red Dot / Holo,反射/全息
/6535F9034CDA047342D845967DA09D53,Reduce Reticle Brightness,降低分划板亮度
/9284E4F24BF84F3AA246668ADA089CEF,Reflection Environment Mapping,环境映射贴图
/134AA5AC421ED827DAD8F2B999033DF8,Refraction Quality,反射质量
/419D45F446F082393507FA9D9517060C,Refresh,刷新
/6D6840CE4F975DD92B03D4808E918A33,Refresh,刷新
/CE0025B54CEBA27548AE41A1FD140F01,Reinserts the pin and allows you to put the grenade away.,重新插入保险销以收起手雷
/D13CFA38423C208B91A0AAB230558250,Release bolt and chamber new round,松开螺栓和枪膛
/DA2F99E547E761022B0E499B6E2189FB,Release to place.,释放到位。
/77BEF95B4BAF6B385D76489EE981BD57,Reload,装填
/91255C6A4DABA35109CC64ACE73183D5,Reload,装填
/D5B8DF64475027B58FDFC484C8692EB9,Reload,装填
/E4B210974C2E3F48771D208E1CF4614A,Reload,装填
/A2B5085E4BD3AA34FC5F7AAA19B6DC6D,Reload (Single Shell),单发装填
/088FB7574399AA64423729ACADBF7BB7,Reload all mutators in the mod with which the currently selected mutator is associated.,重新加载当前所选突变器所属模组中的所有突变器。
/A00EF8CD490ACD3F02F472B7A9C49842,Remove all entries.,移除所有.
/982CDD7F4A14FD06829CDBA7A206C228,Remove selected entries.,移除选中的.
/9F1B6154467493D45D592F85AF19EAE9,Remove {0} admins?,移除{0}管理员?
/FC55032142A63CBE149CFCAECD4C99D7,Removing {0} of {1},移除中{0}总计{1}
/89D88E414C5C0546F794C2B6BEA08FF9,Report a bug or issue,反馈BUG或问题
/5B8942B54B019F3F5FA5658548D4640D,Requesting Admin List,请求管理员名单中
/550B158541458C4A78849DA2755FDABD,Requesting Ban List,请求封禁名单中
/68AF0C97496694EDDA4504B61C61098B,Requesting Game Rules,请求游戏规则中
/931DBEA14F71CB0F445EDA8316EECE89,Requesting Game Rules,请求游戏规则中
/077FED5C4ABE1BD49095AA852D4EE724,Requesting Server Settings,请求服务器设定中
/47466FD1490B7B84985B268742820E13,Requesting Team Kill List,请求队友杀手名单中
/EFF4729B42BA66C532A179949C260812,Requesting White List,请求白名单中
/DB1B48B04D89DE9247D38FB460DAE5E5,Requesting admin commands,请求管理员命令中
/748DA5454FFE6E159E3ABE888DAD39F1,Requesting map list,请求地图列表中
/EC2324DD404973EA1AFC51A2900F0A2F,Requesting rules,请求规则中
/C8FDA5C4417CE447786B3BB91E7946AB,Requires restaring game to take effect.,需要重启游戏后生效.
/CFD10A9147F16AD9FEA7758986488FEA,Requires restarting game to take effect.,需要重启游戏后生效.
/71ADCD3C4A0D95384E537A965F7AC92C,Rescan and reload/restart every single mutator,重新扫描并重新加载 / 重启所有突变器
/A40306E6442D1283ACC9D897A105912F,Rescan for recently installed or updated mods,扫描最近安装或更新的模组
/9F2468BA4647D4E344507F9168AF4A4E,Rescan for recently installed or updated mutators,扫描最近安装或更新的突变器
/285A3AA844B67327C94DA0933F6E93E2,Reset,重设
/BEC637A3440EAFF9521A9D87C1907B65,Reset Freelook to Aim,重置自由观看视角到瞄准点
/539D50EB43602B476C46E682D184B811,Reset Pop-In Hints,重置跳出提示
/0E2FD2484317B4DD6EEF129907B11EF5,Reset pop-in hints to display again (like at first launch).,重置跳出提示显示（像初次运行一样）.
/1734F4D34FE5DD1AAA83F8BB942E53A2,Resetting...,重新设定中...
/6043F4D14D7A16AE95491F9E2A745F4E,Resolution,分辨率
/AEF2F8A849E5102CBAC2F8A49FB21B6D,Resolution Quality,渲染比例
/FAFB7519405626EC3D0021B68260A20C,ResolutionQuality,渲染比例
/D99BC8B74DFB474A7CA80591652CD92A,Respawn,重生
/A12386D849E8D2B10EBFCD9840C8C8C2,Restart Round,重新开局
/FD7F0B8B4DAA5A6D384DB28782ED197E,Restart in the play area.,重新进入竞技区域
/B5482FBA4821CD3C43109B9D76BB86DD,"Restart the game so it will recognize the new input device.
If it still doesn't recognize it:","重启游戏以识别新的输入设备。
如果仍然无法识别："
/173E894340A52F4BD865B5BFFB96D83F,Retention,回收弹匣
/0F5412204D883768E033FD81D845D5C5,Reticle Brightness Down,降低分划板亮度
/D8EC08D14AF12DE8BA40AC8EA156F98B,Reticle Brightness Down,降低分划板亮度
/ADF5A4F9433426A4FAA40A86F45389B6,Reticle Brightness Up,增加分划板亮度
/CD864476496EF0ACCF7DDD87CF00DE24,Reticle Brightness Up,增加分划板亮度
/352360BB4C270D40F20A428C6B433D7D,Return to Main Menu,返回主菜单
/48F298C54ADD66491AA1DBB78C28FA5A,Return to Main Menu,返回主菜单
/5526C3104F3C3CC48DC219BBFFECDCCE,Return to Main Menu,返回主菜单
/556B50A24DAEC0A34C5EC5B094D2D266,Return to Main Menu,返回主菜单
/6563649742E89011ED742CBEDF352DF5,Return to Main Menu,返回主菜单
/A36CA422496C56490858EB991CC368B9,Return to Main Menu,返回主菜单
/3382AF5E4EA4B5EB8730D387BE40B475,Return to Player List / Scoreboard,返回玩家列表/分数表
/67828EDC46411F29C571A5815A98D79B,Return to Ready Room,返回准备室
/C95A765D41BEFA96E6181499E821FFBE,Return to Ready Room,返回准备室
/05EDFCCE4ACB98CD9ED6958AD9EE8432,Right Shoulder,右肩
/976C18B44AC50C15C2CFE4A8C8F60EE6,Right Thumbstick Sensitivity,右摇杆灵敏度
/A2C23FDC47C7362CC94D2AB9C6202527,Riser (100x15),增高导轨(100x15)
/162BC94C4D8F74E1875D35A00CB6A6AA,Riser (100x25),增高导轨(100x15)
/F61C871E4E15D43C1E04F8B1712478A0,Riser (50x15),增高导轨(50x15)
/D3408C60451B7D77FDC881BD625E8E97,Riser (50x25),增高导轨(50x25)
/EABABE76460E7B944921E09DF06D7B02,Roster,名单
/33573BE547749D643E7219BD7D8A14F6,Rotating,旋转中
/519DCBDE48E31E7D9D2E7CAE48EFB50D,Run,奔跑
/9B64549B4F74CB22EA476BA2C04AEA39,Run,奔跑
/4A05C83F429EB761F099089168887690,Run Type,奔跑类型
/AA0BBB154F33C164F66230A7B200C046,Run benchmark and configure settings based on results.,运行性能测试，并根据结果自动配置设置。
/1C3B06544ECE89D2DF766280A0C1C061,"Running and keeping your weapon pointed forward will lower your arm strength and increase weapon sway.

Use HIGH READY or LOW READY to recover.",保持武器指向前方和跑动会导致手臂耐力流失并增加武器晃动，切换到高低准备姿势以恢复耐力。
/0F4D0DEF4D9780AE10CABD9E4A08A638,S,S
/047F85144A3BD038D6C4A4BE6C646E17,SAVE,保存
/3B3F823B416758DFA5029BA5602B800B,SAVE  FAILED,保存失败
/8917E7B045D2948960E90E9C030C0950,SAVE  FAILED,保存失败
/EFDF1A984D77314AD46EDBAB5D7F4E53,SAVE  FAILED,保存失败
/0B7CDBE84A9A55464808B9894F0D727D,SAVE CURRENT KIT,保存当前配置
/5076E0E24AD40814050FAEB0D3C084D3,SAVE FAILED,保存失败
/2E96F0A5409ED956FBB4998B8DFE42AD,SCAR Iron Sight (Rear),SCAR机瞄 (后)
/C1C9D5194F3B484B7A1864A268073795,SCOPE MAGNIFICATION,瞄具放大
/B08DC82746E54D5D3369DFA407C8D7A4,SCORE,分数
/B0E12E71413CA1730B4BDFB6FC60CA44,SCORE,分数
/A1C220094B76A9AA3B89F3AE521F2B34,"SCROLLING RANDOM MISC SNIPPETS.
e.g. Longest Kill Shot.
Most non-aimed shots.
Worst Grenade Throw
Most Glass Busted","统计随机杂项的数据
例如：
最远击杀射击
最多未瞄准射击
最糟糕的手雷投掷
打破最多的玻璃"
/C982CF984CB288C6C78EAE900B7AA26D,SD:,标准清晰度：
/9D9A80D64EDA333D9CA61492C02C9B68,SDASS Barrel Rail,SDASS 枪械附件导轨
/F97008FF4BF54D9C410EC8A0FA55E799,SDASS Custom,SDASS 自定义
/444A239545240BDF944EC5A01D9489D3,SECONDARY,副武器
/F93EBDEE45D8DDC8384294876911B9ED,SECONDARY,副武器
/DD94BCB84E2FC7EC7B355DBBD2D078F8,SECONDARY OBJECTIVES,次要任务目标
/F68A5311485ABECCDA708ABF1BB749BF,SECONDARY OBJECTIVES,次要任务目标
/7953A0934D26B5CA96E5E7B09567209B,SECTION,部分
/DC747A82493AF4795F034B877CB33421,SECURING,保卫
/E466DAB94CE518118EE7F6A8FD0C41AB,SECURING,保卫
/A5F9D8A04DABD81992DD5EBD75AB3305,SELECT COLOR,选择颜色
/A135931C41E18B6E49DA5D84CB2FA30A,SELECT PATCH,选择徽章
/AF6CEAC14E61E969008CB28C07530CE2,SELECT PATCH PLACEMENT AREA,选择徽章放置区域
/0D50F4AD4F8E745E5B29F8B826B822DD,SELECT RESTRICTIONS,选择限制
/D8AA73024DA460C10A173781A83EBE92,SELECT RESTRICTIONS FOR {ItemType},选择{ItemType}的限制
/C6388D634C2E17A0EDDE16B81D2835F3,SELECT VISIBLE,选择可见
/B11A4EFE458C5BE13A15E5B6763114E6,SELECTED SKINS (ALLOWED):,选择的涂装(允许的):
/05E1FAEE464AEAA9461F2CAA110C7872,SELECTED SKINS ({BlackOrWhiteAction}),选择的涂装({BlackOrWhiteAction})
/9903B9C34C8419777F5A55AC552F2F96,SEMI,半自动
/562DDAE04FA1AD193D9D788C680BE95B,SERVER,服务器名
/621A75524F73E3AE4A1A1999A9823598,SERVER BROWSER,服务器浏览器
/9B9D278E401A2D5A7A421E8407881D21,SERVER BROWSER,服务器浏览器
/B4E544F1418AEC04FB2D189AD3C2226F,SERVER BROWSER,服务器浏览器
/F603774D4C9279F98897DBB21F1E9877,SERVER CREATED!,服务器已创建
/F3C7F56B4B26031DDA0C0EBDED2851AC,SERVER NAME,服务器名称
/37ACED9B479D5D463E3044839585BE01,SERVER SETTINGS,服务器设定
/C400363E46A985A80D444FABABC4E6C9,SERVERNAME,服务器名称
/54AB767147A871300299CB98FB14D839,SESSION ROSTER,玩家列表
/F46210034413252E1A5F6B802DA63254,SESSION ROSTER,玩家列表
/6C9968CD4D766E3A50C97CBCB7F669B4,SET TRAINING TIME,设定训练时间
/975787F541439B347C2787AF60474AB6,SETTINGS,设置
/B229B4304C9A018F6ADC808BB7F28F8F,SETTINGS,设置
/D74D0D3C4399D5F5038639A0304DE45D,SETTINGS,设置
/F3DA5C2D4C7F5B5561B00086AB2DF3BD,SETTINGS,设置
/32EB604244FE22B6FBD3DA8FAE80D45F,SFX,音效
/B9000AB9476F0E920919F4A376AE2FEA,SHADOWS,阴影
/7DD66412467F0C94EEDD7FB93828CB6E,SHIRT,上衣
/5E31A017481B08151A5329BF42E71793,SHOOTING,射击
/55790F094DD56E3B43F70293C8F7EC7A,SHOOTING RANGE,靶场
/AD6BE4FC49AF517874F4C79DDDA9E032,SHOTGUN RELOADS,重装霰弹枪弹药
/B4DC19264B85AF648B5496ABD5069BE1,SHOTS,射击数
/1CB0695C4F643827B136EEB6223328DE,SHOW DEBUG,显示DEBUG
/1C2B39024CF6B7C357913CBE7496F7A0,SHOW FILTERS,显示过滤器
/08AF8D8944D9F9A39E704E8A68C44DB8,SIGHT PRIORITIES,瞄具优先级
/586ED0CD4808613ADFB8EA9FF6F6E316,SIGHTS,瞄具
/6333BC1C4644040A4F652FB8B44987A1,SIMPLE,简单
/DF4AC3014CCCE3A547A004B2A9116F31,SKIN RESTRICTIONS,涂装限制
/5EED139B4E989342F5EC2187DDC01A1F,SKIN SELECTION,涂装选择
/C42156AD45FE7485E753E6AA704F9691,SORT BY:,排序:
/876140A5420475B12B214EB7FF32EB01,SORT SKINS,按涂装排序
/B7BEB92346C5521F476A2589B267ECBB,SOUND DESIGN,声音设计
/171069A2405301CB462FB6A06195ED35,SOUND ENGINEERING,声音工程
/4742440145F3DDA6DDA084807B9F9778,SPECIAL PURPOSE,特殊用途
/87F8379D4140A33CA46B5C823AE34D1F,SPECIAL THANKS to,特别感谢
/05180E9A4D2CA93DBA137FAA4F4619A9,SPECTATE,观战
/FC9929F043B2CC78DE933AB4723C7FE4,SPECTATE,观战
/46CB78484B7E643D74903499D0C76011,SPECTATOR MODE,观察者模式
/52E37D344CC258785DA09AA1D4F032BF,SR-25/M110 20rd [7.62 NATO],7.62x51mm 20发弹匣(SR-25/M110)
/16C4C7554EFCC09BC9A8E2BAC2E84CA2,SRS,SRS
/C0D6F5604C8E745717352FA17BEFB55A,STANAG 20rd [5.56 NATO],5.56x45mm 20发弹匣(STANAG)
/6F68CBED455513F238A620A0FAA36442,STANAG 30rd [5.56 NATO],5.56x45mm 20发弹匣(STANAG)
/C6568109466D5A9CB815B28562FA77B8,STANAG 30rd [5.56 NATO],5.56x45mm 20发弹匣(STANAG)
/038C3AB9407DEA469F48A6BB63E17F51,START VOTE,开始投票
/072F74BD4516342F3BAE1087B877AC08,START VOTE,开始投票
/100834134795270E3C3F459C2AED5534,START VOTE,开始投票
/2CBC793F456713F17C2EF3B17AC7B99D,START VOTE,开始投票
/37A169D24F9E4A3B21D6B5A8AFB5C6EC,START VOTE,开始投票
/3E6BC9FF4D7BBD34D64668B059EC68D3,START VOTE,开始投票
/746D41DF4375321C5C4549834997AA2B,START VOTE,开始投票
/FA910F264D7D1BC7ECA017999810619C,STARTING THE MISSION,任务开始
/3D70E1524398992DD97F45A740C7F85E,STATUS,状态
/A4254127416F8F68BD4EF6B97EF4A942,STOP,停止
/37B76F2547730FB1535C0486C517D356,STRING PARAMETER,字符串参数
/2C14A7284B8560417E41B494DF6A1D07,SUBMIT,提交
/76EF78FF4376157AE9831698122A8734,SUBMIT,提交
/F92895C3453C13D8C3063CB39F457318,SUBMIT,提交
/49668E104C22BEC311DB6E80438A219C,SUCCESSFUL ATTEMPTS,成功的尝试
/6F3DE0794EDBF5364427BA8418F098BA,"SUPPRESSORS are not quiet, but they make it harder for the enemy to pinpoint your location.",消音器并不完全静音，但可以使敌人难以准确定位你的位置。
/34B8332C4C0D36891FA532A13BD50D91,SVD,SVD
/133882004BE5734C4FFDC0862CAD1702,SVD 10rd [7.62×51MM],7.62x54mmR 10发弹匣(SVD)
/D09B509E4109F65E23B097B17DF3DD01,SVD Rail Adapter,SVD导轨适配器
/BFFAE1784501507712F5F4BB353B50F8,SWITCH TO MOD,切换到MOD
/D9BEAEBA4BC86E4678B3E9B3AC68FC81,Save,保存
/005FD15B4C39DDB92E85CDAFB647797D,Save As,保存为
/E6F95CE546091E88160543B246E7BEE2,Save As,保存为
/DDE2754F420AF2531157CFAC4F5F8457,Scan Range,扫描范围
/2A10909743B9440D903F3691DFF94FDF,Scope,光学瞄具
/BF7E8F1A4F815CDCAA07059022413B8D,ScoreDescription,分数描述
/674528AF49C43B8CE044B7AC884E68A2,Screen Mode,屏幕模式
/5D77C4E2414E79149C111BA50ECE6D7B,Screen Space Global Illumination (SSGI),屏幕空间全局光照(SSGI)
/61EFD7E8433301AEAAC213B8360217E4,Screen Space Reflections (SSR),屏幕空间反射(SSR)
/38059A564C3A16137F37DC85AF47CD6B,Screen name,屏幕名字
/7DC61D2446785F95610D62B7F8269AB9,Screen name,屏幕名字
/067E6B714EE76310098DFA8D77D3E281,ScreenSpace Global Illumination Quality,屏幕空间全局光照质量
/4C0768C04EFBA38869FAA9A27A59218F,ScreenSpace Global Illumination Resolution,屏幕空间全局光照分辨率
/3A5716DD436A3A1A14CB2681C4319B67,ScreenshotName,截图名称
/B9840FA64F6B7615F65139A06C037BED,Screenshots To Use,使用的截图
/BD27EF1E48B8A7B1CB28AA9C5F1E8952,Script,脚本
/FC8070B944D8B69968F3C49593421651,Script,脚本
/3113875F41D7401BEF18759CB0518CF4,Script Description,脚本描述
/4ECEF66C46171D3D33F9CD8C65725183,Script Display Name,脚本显示名称
/B940442E490F9D6E908950B9024D39F8,Search maps…,搜索地图…
/809580FE4B5F0DD327BB4D9A2BB4FD40,Search players…,搜索玩家…
/6700F2C247215A393F6D00818EB0A688,Search servers…,搜索服务器…
/7BDD3ECF4ED288DED1E1D09F668FDAE6,Seasonal,季节性
/D0E6813A471EF74CEFA858869F8B819F,Seasonal,季节性
/73F77D0E4C1A26A227AD8BB6C2D8EE81,Seasonal weather only,仅限季节性天气
/CF3933FC4995CCDB991A628EEC3CD999,Secondary Ammo,副武器弹药
/1B3339B242D103670A10B7BC4A1E011F,Secondary Weapon,副武器
/A8FED79B4F5BC9D62705FA8AF83B5E3C,Secondary Weapon,副武器
/BC834B5B495BE2699ADF109533CAD841,Secondary Weapon,副武器
/A6DEA6304CEB54A62C326F98DA55C51F,Select,选择
/613C536A4CBEEC4A76626D94E9F48B25,Select a different script?,选择另一个脚本吗?
/224E854E45DBCA83CBC4BC9AF8428517,Select admin group.,选择管理员组。
/C94154D94FEF79C1FCCE04A8C114B694,Select an INSERTION POINT when ready to deploy.,准备好部署就选择进入点。
/6B672C16440575D74796418343C6F3B9,Select none to use all,选择无来使用所有
/C6CF272A47CC4FD6A1C3B798566E9DE5,Select screenshots to associate with this mission,为这个任务选择截图
/6F9120AD4FB5864311B39C839280D237,Select the group for {0} admins to use.,选择{0}管理员使用的组.
/B62691644CB2CE152D4CD28190089181,Selected date:,指定的日期:
/F3C37C4544D33EA07072EAAE4B455614,Selected date:,指定的日期:
/A3A9896646AB0E1C5E3224808279006B,Selected mission date:,指定的任务日期:
/322036EB44EE9DF578BB0D8E7C50E9A6,Selected mission time:,指定的任务日期:
/84739BE845922A0C6B36C4A00DD9100E,"Self-hosted internet servers will not appear
in the Server Browser!",自建服务器不会显示在服务器浏览器中!
/62256CC94F3D018C9191F3B2218B7115,Selfie,自拍
/D24884DB44FC0E5055E263BAAD7F83C6,Semi-Auto,半自动
/AE0D932F4C3F4BA2CBE4E18EBAD98040,Send <player> to ready room.,将玩家<player>送回准备室.
/62CAF5D442467C4CFCF2C999831B7AE7,Sending invites,发送请求中
/557A2E9C42506EB567B891BE24ED0804,Sensitivity,灵敏度
/429C2ECF4242FFD794FF8291F4895CA7,Sensitivity Scaling (ADS),灵敏度比例(瞄准时)
/2B64345E408B7F1D22AFEB8F12525848,Separate Translucency Pass,单独透明通道
/21D748234FD6E2EBACE982A9C3120481,September,9月
/44202795412C1042CCC760BCD0F08FF8,September,9月
/4E656B844C47E9F44C0266902CA83B80,September,9月
/7672C90D4D8FCCEF00D32497F0BDCE44,September,9月
/3C3E83FF4B7AB1DF29B1B7AF42C3FBCA,Seriously,严重
/85A19DA14C15D6ADAA347ABBC5AD403E,Server Admins,服务器管理员
/5676654B4C2CE26DEF8ABB8054C3E303,Server Preferences,服务器参数
/FE90CF7E4540D8875D3566B711CAAD62,"Server and client versions do not match.
The server you are trying to connect to may need to be updated.
If you are running in a beta branch, try opting out of that, updating and trying again.",服务器或客户端版本不匹配，你正在尝试连接的服务器需要更新版本，如果你正在运行测试版，请更换之后再试。
/81018D8E479531A9609FFF8CDA57474C,Server failed to respond.,服务器无响应.
/C51FDE6549AF650A4D78138FF90C21BD,Server is at capacity.,服务器已满.
/A9E7C37A4BB172958E5093A2587FC50A,Server is password protected.,服务器有密码.
/815B881042B8AF9B6A7B3F9A88B01559,Server requires password to join.,观战模式需要密码.
/3CEC26844B001B40D76AE08FD33159CD,Server requires password to join. as spectator.,服务器观察者需要密码.
/7970D4124AE68BF3AE03E2AE2C594E36,Set Charge,安放炸药
/1E90C80F403392924BC6C5A03DE34E5E,Set Team Element,设置小队
/DE9255FF43E2C44985995A91179B94CE,Set a route for an AI squad to patrol,设定AI小队巡逻路径
/545899344B054E2C289525BB3693A712,Set positions for AI squads to guard,设定AI小队防守位置
/A222EAC84295037FCC8DF989688E1B44,"Set to ""No"" to allow character to rotate body once max neck angle is reached.",当设置为“否”时，角色将在脖子转动到最大角度时扭动身体。
/54DD52E449E1FDEE0A6AA68C67E62D9A,"Set to ""TAA (Temporal)"" if Screen Space Reflections (SSR) are enabled, otherwise you may experience visual artifacts.","如果屏幕空间反射(SSR)为启用状态时开启TAA抗锯齿, 可能会导致视觉伪影."
/138CD45047C845EC2701298A146F619A,Setting,设置
/282BA60946140E81CA3F01BBA9D64C58,Setting,设置
/C28784544B35D0C5A9E060AD19940E9B,Setting,设置
/79A0FB4A41F13D6C496C5C88F1B42DCB,Setting currently defective.,该设置目前存在缺陷.
/700CE431484E01F2F5520794EC11F6EF,Setting description,设置描述
/BD40536645233A8D4F3CE2B6456C8AC9,Settings,设置
/93C5559B4F5F5E1BC0E075B9F04D9508,Settings/Rules,设置/规则
/41F8A22C445D17C6616B00B2AE13BABF,Shader Detail,材质质量等级
/0235912A4E7C99C852F483AD51D5C82E,Shadow Max Resolution,阴影分辨率
/8589EE6F4647AF0CA50A0FA29839054B,Shadow Precision,阴影精度
/BFECBE6F498264DE8E114399892A92DA,ShadowQuality,阴影质量
/A713C9C741F04555E2D089955DDE1028,Shared Scripts,共享脚本
/184215944E08CDD12F4E13A5E9103155,Shemagh (Head),阿拉伯方巾(头戴)
/1671107C4D1DFEC1CA4BA0A8D70C0E9D,Shemagh (Neck),阿拉伯方巾(围颈)
/2AF117D543CA262164B15CB04AB2443E,Short-Sleeve Shirt,短袖衬衫
/B3DAB71240E389607431AF9C57C4F7DF,Short-Sleeve Shirt Tucked,短袖衬衫(塞入)
/2E646A2E46C27EF7888787B795C62DF4,Shorter weapons are less likely to collide with the environment and are faster to stabilize on target.,较短的武器不容易与环境产生冲突，并且可以更快地朝目标射击。
/9A3C3A0E4BD843F179DB7DBC5F355C77,Shotgun,霰弹枪
/A1E40AD046B82E023BE7748717C3BAAF,"Shots come out of your weapon's barrel, not from your sights — be sure that it actually clears any obstacles before firing.",子弹从枪管射出而并非瞄具，确保射击前没有障碍物在枪口前。
/15CB8F0A456916240FE8E18E95256F28,Show,显示
/FA5D26DB44E55004744F4F89F04135EF,Show,显示
/791D08A74EE605856B5604A9290DAFF5,Show Crouched,显示蹲伏
/B56F0A484767437B61FA18A2D7CF16AF,Show Debug,显示Debug
/F20C93504CF3E48DA392BBBED02CDE8A,Show Enemy Blips,显示敌人标志
/86136C2A4050564E03AF8BACAEA7E206,Show FPS,显示FPS
/745071EC4F325F4C5D83B9B2D9B0B9DF,Show Interaction Prompts,显示交互提示
/4F2D0798428A669486969E9D034330E2,Show Interaction Ring,教师交互选择环
/A8C2F4064F810308406A6D8E3E794F02,Show Net Info,显示网络信息
/85AD89894E803858CBEBF4A79605E659,Show Player Names,显示玩家名称
/6B1493194D0311BFB1CC3C940CAF8375,Show Pop-In Hints,显示弹出提示
/3DC8089F42FFBD589BBA359E56C87BCD,Show Prone,显示卧倒
/F81F1EC64153B294AEE05E9231B42F65,Show Radio Icon,显示无线电通话图标
/DAD5C17740A7B49F1A62BD8AF3E9FE4C,Show Spectator Controls,显示观察者控制
/CCD384DD4A991136CCF0E3A057F4279C,Show Standing,显示站立
/8B0504F24A3A6C3D5D793AB929F6515E,Show Voice Icon,显示语音通话图标
/8049F75741D50E1E88E6E99D418C2E7E,Show advanced…,显示高级选项…
/E9E9A2D54DBD6ED2A91303976E699E32,Show allowed,显示允许的
/BC26E0384828BE458AC286AD9EFD4A67,Show prohibited,显示禁止的
/8BFB60FD468F9281BDF7D185AB521F9E,Sight Type,瞄具类型
/CF20CBBF4F32ED4F730AC49872A6C5B2,Skeletal Mesh LOD Bias,骨架网格体LOD偏移
/9D66C7DF41A4F4E7F9CCFCBFB67BC3F4,"Skin
Name","皮肤
名称"
/3CB28F8549FE5214B2DD6480864F27E8,Skin sorting is not yet implemented,皮肤排序功能尚未实现。
/A0CCD2CE47E1D623F1DF4CB3D202D9EB,"Skip ""Press Any Key"" Screen","跳过""按任意键继续""界面"
/107F56A64AA03F3EEBC20FB9D0317E7C,Slider,滑块
/46E67E984F1B8BFC18A836AC78F4F103,Slider,滑块
/70738B914295F0E393EAEF8164D1A7DD,Slower; conserves used ammunition,更慢但保留剩余弹药
/F9E6C36B4E207D5DBA11FFB12FB77558,Smoke Grenade Pouch,烟雾弹包
/7F94BD634500855C1875E1AE1E6BF3B5,Snooze,暂时关闭/推迟
/69DCB4144047DC57412B789C6A7ABB83,"Softening/sharpening to apply to the DLSS pass. Negative values soften theimage, positive values sharpen.",用于 DLSS 渲染过程的柔化/锐化处理。负值会使图像变得柔和，正值会使图像更锐利。
/E8E4D260486A426D416F718D1472685A,Solo play offline.,单人离线游玩.
/808D8A7D4BE3321A6502E78E752FAECC,Some explanation of what you need to do.,对您需要做什么的一些说明。
/70B796CE46E5E5F4371145AFC11B843B,"Somewhere in the Ukrainian wilderness, a large lakeside tunnel in the side of a mountain serves as a storage facility for undisclosed goods.",乌克兰荒野某处，一处未公开货物的存储设施位于山脚的一条大型湖边隧道中。
/9112E8A046BB1D011DF76E8363253767,Spawn Protection Volume,重生保护体积
/C227C0E54593761EFCA049BBD5F3660F,Spawn protection area.,重生保护区.
/258BE6AA48D9D909F72336A4D8850DC1,Spawns a new patrol link and links the two together.,创建新的巡逻路点并将两者链接在一起.
/506F9F96430F848639F67DA382A6331C,Specter DR (1x/4x),Specter DR (1x/4x)
/ED117D84463FB9831E959AB34851FD57,Speed,速度
/03F47EC14EA79C16C5C2149A22A1C194,Speed Reload,快速装填
/52D3D0E64ECACEE733AD87B83E889D71,SpinBox,SpinBox
/BA4C2A4849CF9F2AE20D028A764E6EBB,SpinBox,SpinBox
/2B62087E413B974486AB8ABCB44EBBA5,Sprint / Steady Aim (ADS),冲刺/稳定瞄准（瞄准）
/D0904F07405A3055F42F4EA535C537DB,Sprint / Steady Aim (ADS),冲刺/稳定瞄准（瞄准）
/A353A06B4F2E851B2EE378AFDBF69D11,Squad Orders,小队指令
/6416501C4CF2B9ADE1D082A219D88B60,Squat Grenade Pouch,紧凑型手雷袋
/D94FDD5F4F4190BEB44B3C97792F40E6,Stage and Time,阶段与时间
/FDC7E217409926DC011365BCDE48D32A,Stance Down,始终低姿
/A6B48E8D48453AFAB60CE48A0EC9A0B8,Start a vote to change maps and other server-related options,发起投票以更换地图或修改其他服务器相关设置
/65D210294A4A721EFD2421BF5745BAA2,Start the round.,开始本回合
/F440178B4342C8249CA8E4BC4394785D,State,状态
/0F385CAF4E2C957B0E7D86BDB35EF6F7,Static,固定的
/29CE1A114BE9830E312DCA97C879550A,Status,状态
/E8C79B5C431A0A976EF2139788244917,Status,状态
/E9753AB14F3AA790970B449BDBB5B602,Status,状态
/A72BB544481DDEA1B2F03D9107ADA256,Steam,Steam
/198B16F640418FA89515939EA068203A,Steam ID missing.,Steam ID丢失
/C2238E194D34EA659CA827AA2F5D83C3,Steam Id,Steam Id
/5E8C16114B00DC03CB865C8A29688ABB,Steps to Reproduce,重现步骤
/7B71F3BD4C07D0F9B2E926A3765AD327,Stereo 2.1,立体声2.1
/2F192A4B4462EBA61353A0B133EEBF0E,Stop Following,停止跟随
/63D112F24BC5DE2F0DC161A436FABE8E,Stop Following,停止跟随
/FD4BD7DA4D7320455E39538DD35504CA,Stop Following,停止跟随
/059B71BE4761739225F2DEA0B8B555DF,Streaming Mip Bias,纹理串流Mip偏移
/13C6DB2747337578750061AFF7677D71,String,字符串
/3402D4164B38D0174DE776B9D0E03935,String,字符串
/493A0FFF484202BE525778A8DEA78CDC,String,字符串
/63CCBCB345373E60B214D89ADF9A0DEB,String,字符串
/B150B9C24DEEFD8E02B42A89B24730DA,String,字符串
/BDB0E07643EDA88EDBE842BDF58B8E73,String,字符串
/E4EA95BB408FE66522AE2884B38067A4,String,字符串
/F506F93D4978983C82C05DB0EF558EA8,String,字符串
/529549B3406349D4D336389990E3BC08,Stubby Grip,短型前握把
/25923F51489C4F89B631EBB653C1C7BE,"Stuttering and freezing when using VOIP? Other players can't hear you?

Please try one of the solutions below:","使用VOIP语音时有卡顿或中断现象吗？其他玩家听不到您的声音吗？

请尝试以下任意解决方案:"
/2CADA9114008EC8A026C218B5588A04C,SubmachineGun,冲锋枪
/CC921C3D49737C837450CE88768113CA,SubmachineGun Ammo Pouch,冲锋枪弹药包
/EDB0F13342D5A9CFC2D64FB2E4D7A257,Submission process complete.\nThank you!,提交流程已完成。\n感谢您的提交！
/E3B8A893457E1F351633218406DE8169,Submission process failed to complete.,提交流程未能完成。
/F2D7A4E941CAEAFD52D7CAA42461FBFB,Submitting Game Rules,提交游戏规则中
/029131F849C735AB001F0296C74D9E23,Submitting Maplist,提交地图列表中
/2DD4A0FF425F02FE292285A5E5A9C171,Submitting Server Settings,提交服务器设定中
/9E6501BD49ADD2577007DB8B9B6E0DEE,Submitting report.\nPlease wait.,正在提交报告。\n请稍候
/D08A9DFB4AEEC30FF6537789A86DC895,Submitting vote,发起投票中
/400C3C584C832ADF0BE1C69B04463074,Successfully saved {0},成功保存了{0}
/E45D2F89422280F0786B85B367489F9C,Summary,战后总结
/CA853F1C45997A6DD8B594A4D2FC978A,Sunglasses (Civilian),太阳镜(平民)
/CADEDE8546F827E09B6F15B7DAB0497D,Sunglasses (Clear),太阳镜(透明)
/C4DE970A4FB78DE5F381809A4E27C9F0,Sunglasses (Dark),太阳镜(深色)
/36A236404617CA1A4B61C5ADC8B60F0B,Super Long Skin Name,非常长的皮肤名称
/C055ACE04332C7F0705B2F8E73B89DE8,Supporting Mesh,支撑模型
/667A3B3E432FCBC7BDC576A473B1B021,Supporting mesh,支撑模型
/020D490A4541726B814B7BB25CB00F8D,Suppressor,消音器
/0425D1E84EE9B53D8B9290AC7C0A9AB3,Suppressor,消音器
/0958B1184AADC7D6CD666DB3BD498F49,Suppressor,消音器
/3275254043A44CEFED6D449A89DE5393,Suppressor,消音器
/4C8E15004A59031D3693B2B7CE858AAC,Suppressor,消音器
/4FBF1EAE43C1308AC4D0CBB8AD0522E6,Suppressor,消音器
/78C3774940263A05ADC9AD92AE3C99BC,Suppressor,消音器
/7C46D3FF45EAB18479478F958D7C6393,Suppressor,消音器
/8C238C524B62336778FF65A2FD8AD018,Suppressor,消音器
/AF4F914547DF2C2836FBB1AB0A229230,Suppressor,消音器
/CF095FBE4B5E5C5B8D894D84F3277534,Suppressor,消音器
/F8BCDB6F4B07FF6C348772AB40EAEE0E,Suppressor,消音器
/735D5BB54FE67D69D988709C0E064908,Suppressor (Black),消音器(黑色)
/683EE489465AEB3B59DD67B3F8B79CF1,Suppressor (FDE),消音器(沙色)
/32F0650A4535DD0A22B245A4C19260F0,Suppressor PBS-1,PBS-1消音器
/240F55A042851CC851F84BBDBD0C798A,Suppressor PBS-4,PBS-4消音器
/8D8D5D97488DC82E12572781EE99AD37,Surround 5.1,环绕5.1
/BB86649D496BAA107B543991B1E59204,Surround 7.1,环绕7.1
/0B1327E7436F9A88AEF6F680449680DD,Switch Stance HUD Side,切换姿态指示器位置
/FC4B3DB4475C6BC38164B5A13DD8E057,Switch to Previous Item,切换到上一个物品
/80EE886A44CFBFB7B4EF848E69A2F3EE,Switch to READY,切换到上一个物品
/06A8CEA84C37A80B424D25B22A9884E4,Switch to READY and FIRE,切换到就绪姿势并射击
/C94EA7FA46EF5D41CC088F9693638A69,Switch to the associated mod in the installed mod list,在已安装的模组列表中切换到相关联的模组
/BC5ED06F47573263BF5E509A52AEE54A,T-Shirt,T恤
/5EC95F0E4384CFA3058848A0A3F7F68C,T-Shirt Tucked,T恤(塞入)
/3B8A264D4601A1A3C4FD26BF1BDDE00D,TAA (Temporal),TAA (Temporal)
/A0B56C3A4DEF0C5F17B415BCD91317D8,TAB,TAB
/6C51263A40095969F6CBE8AFD93BBD8F,TABLET,平板
/8F0532874D16CD80242A6DAC1087D4FF,TAC LIGHT,战术灯
/A1ED890E46DCC12887B9D48C73664D6B,TACTICAL LIGHT,战术灯
/284646A443AE043CE72FFD8199DF42DD,TAP,点击
/420F25554B098D083EAE5688A7BDFE96,TAP,点击
/B59FCA9540E4F55511D98E8B52D49717,TAP,点击
/E43EF3BD4A32772ECD821896E978762A,TAP,点击
/E4BF0FE947A4ABB7BD8296949B027000,TAP,点击
/ECC7C35B49606295270AC08A126EF51B,TAP to Jump. HOLD near obstacles to Climb.,轻触跳跃，靠近障碍物时长按以攀爬。
/E3FA735744ABD0C574DF19AC9B443A6F,TEAM ELEMENTS,小队
/81253D0544A7315D86D4628C7C8670D0,TEAM KILLERS,队友杀手
/16B5ABF8499152663A7930AE8AF06D24,TEAM NAME,阵营名称
/B0CDCC92475278BCB5BF71A8E6D43341,TEAM NAME,阵营名称
/BE16306D46068A6DB9C69CBAA32937F0,TEAM NAME,阵营名称
/643D099F41FC5F688610CC986A87272C,TEAM SCORES,阵营分数
/573178734DE94C0E8BEBA5B48CAAFD4C,TEAM TOTAL,阵营总计
/D2CC2A5F4150A1FD29BB9DB276F7B734,TEAM TOTAL,阵营总计
/6C8DED4144301DB1BB68DD91935C2437,TEAMS,队伍
/D873B67E457E1FFB600D5496703C988B,TECH ARTIST,技术美术
/5276C8A74EBE162383AFF8A02FBEFE48,TECHNICAL ADVISORY,技术顾问
/85E7795A430D2F9011EC359FFE813E2C,TEST_Stencil Scope,测试版_描边瞄准镜
/F1443D96418CB3BF15B21F9325BD8425,TEXT,文本
/94569AE04B4C4AD9189C329EF0280787,TEXT CHAT,文字聊天
/1E2B7CFE4AAE3D3F0C0064892D913C43,TEXTURES,贴图
/87EB0F894EA9A36A86DE788E593F14F2,TIME AND WEATHER SETTINGS,时间和天气设定
/BB2E28534E3FEEC59FFB309986EE90E4,TIME ELAPSED,任务时间
/F87FB54C4FE7EDCFFF0BF6A9E18E953C,TIME ELAPSED:,任务时间:
/D513E1164DCDC4F8536303B51CA66B44,TIP,小提示
/1CDFBD6C48FA5A5A5222D2BF76A0DD28,TITLE,标题
/26BED2D24C2FC38BA7CAB0AEA13CA20F,TITLE,标题
/AC5406094120CE2184FD49848C058486,TITLE,标题
/CE4A61F74EA04BEC1D26F4B4570B3648,TITLE,标题
/B9A869EB487795DD30E001A281DF4EFB,"TN_Rig_01,TN_Rig_02","TN_Rig_01,TN_Rig_02"
/719E1F1F4564DA7A0D26818E9B7E45BC,TOP,上衣
/8501273946C5DE4250880597C9AE6122,TOTAL FORGIVES,总原谅数
/742556904A9026C5F7E20CBE78CDC89E,TOTAL SCORE,总分数
/2A4613FE439BCBE9D44332B9CADFD72A,TOTAL TEAM KILLS,总队友击杀数
/40A40E5A404B6E0C57DB44937C2B310E,TRAINING,训练场
/7E4ED2BE4D99C4A2897ED6937C100943,TRAINING,训练场
/86325970494E4A17B983F38A969BDE00,TRAINING,训练场
/681D39524EA456E832442F9BA565F6BE,TRY AGAIN,再次尝试
/D454978F44D6F2104F8BFDB42778B6C2,TYPE,类型
/CDBA96444A98D94A400C979F1EFBAF51,Tablet,平板
/872ED5F24B005DB85029578EEC77C82B,Tac Light (M300C),M300C战术灯
/3A290A6E42C0126ECDA7D281A0C5F9B5,Tac Light (M600V),M600V战术灯
/AB5279AA49C13BC4546BF6AF4C220DCF,Tac Light (WMLx),WMLx战术灯
/A3393F5C4F94CC119432BAAB6BE084F8,Tac Light (X300),X300战术灯
/252247044DFDB574051E79B0F8EC3196,Tac Light / IR Illuminator,战术灯 / 红外照明
/BA707C6B4E5EEAC32642DE8AD6774CDE,Tactical Boots,战术靴
/644E325546317E3AF9CEBA9485C27B60,Tactical Gloves,战术手套
/283AA77347C275E51500F49D4F0412F7,Tactical Pants,战术裤
/E9BE55A44D816BE08A36508CBE0E3AEE,Tactigamer,战术游戏爱好者
/6A5D2F534E033ABBBD209DA9CD8A3718,Tag,标签
/826805D549F7251C27D8F79AD1921C22,"Tag 1, Tag 2, Tag 3","标签1, 标签2, 标签3"
/5D530B7441C771765B36E8A973515122,Tags,标签
/95D05D8F448F1628F7DBF39BFA8AF54A,Tags,标签
/BCEB753A466B428970F7E9A24A3349DF,Tags,标签
/52903E024181384F0EBA35AC8ED12E48,Taking Screenshot,截图
/489047824FC991625AA671A718854487,Talk (VOIP),语音通话（VOIP）
/AAD86C094C24C730863F168D4EEB666F,Talk (VOIP),语音通话（VOIP）
/9653DA254F6C7ABFC9086282687D7753,Tan,沙色
/0A1D999A479EE717240A5793492E4B15,Tap,点击
/613A326C40C5EC572BF612801A30553A,Tap,点击
/622710F340D25DD85B5F24A6C9047D1A,Tap,点击
/CE5F5B5F43D9BAD7F164C78852C068A2,Tap quick / Hold fluid,快速点击/长按
/80A5161643B46B4344510A8D2D85AC4E,Team Chat (Text),小队聊天（文字）
/6CB949F148C493C979DF0C97F7A3EB89,Team Killers,队友杀手
/73D0F41A4501C3DCD559BA96EB403679,Team Restrictions,阵营限制
/AE9D87374E70A21D9F9B9CAD1EC142DD,Team Room,阵营准备室
/CD850F00442F227FDE9A7A8523362F2E,Team Roster,阵营名单
/3C7E2E6F4EDAD0BCF8EECDBC3C6F3480,Team radio. Transmits to all active team members.,阵营无线电通讯，所有存活阵营成员可听到。
/32B4FFE34C9F27B91E10889D0497748D,Team {TeamId},阵营{TeamId}
/4FBADF3441E7D2EC0953BCA8CE2E0E62,Team {TeamId},阵营{TeamId}
/8228E33C4F489B44DF9808AF535D502B,Team {TeamId},阵营{TeamId}
/EC3115DE4964243D03AD8288C49EE1EA,Team {TeamId},阵营{TeamId}
/3FEE6C2B4EBAC01C9871DE9A0EEFBDE3,TeamName,阵营名称
/1540BA43493816D311D0059A131E0D9D,Temporal AA Current Frame Weight (Requires Restart),TAA当前帧权重（需要重启）
/0D5B0E7444E430EB04A4E783B0F2B9AF,Temporal AA Samples (Requires Restart),TAA样本数（需要重启）
/AC571660451454D9A8B27E9D1AD8808E,Test AI,测试AI
/2CD59A7E460CB887B62B889676B7FE1D,Test your weapons here before deploying.,在此测试武器，然后再部署。
/D992502D4FDD05F04BE6B9B97880FF01,Text,测试
/1F3B0AD34EB280DD451AD6812E801781,Text Block,文本块
/E28C3C414006E37C64C1A294BD09E37F,TextureQuality,贴图质量
/BB835FCF4A0D1D9DD29815843EC4CA5A,The GROUND BRANCH Inner Circle,地面部队核心玩家社区
/146EBE624200AA06E0BB0590FE30A3CE,The Mod ID is a unique reference associated with mods in the Steam Workshop. Mod ID 0 is a special identifier associated with a permanent mod staging area in the game installation directory.,模组 ID 是与 Steam 创意工坊中的模组关联的唯一标识符。Mod ID 0 是一个特殊标识符，用于指代游戏安装目录中的永久模组暂存区域。
/689D21BC48EEFB3F6EDEA88B0BC635EC,The Mod ID is a unique reference associated with mods in the Steam Workshop. Mod ID 0 is a special identifier associated with a permanent mod staging area in the game installation directory.,模组 ID 是与 Steam 创意工坊中的模组关联的唯一标识符。Mod ID 0 是一个特殊标识符，用于指代游戏安装目录中的永久模组暂存区域。
/10D8D1B44C2AB96AD1EB388E17A4A23C,The Night Vision Range,夜视靶道
/4E8059244DA6C9B7F6D63F99B02ADA6B,The READY (point-shooting) position will drain ARM STRENGTH and increase weapon sway over time.,射击姿势会消耗手臂耐力并增加武器晃动
/D04F28C34DE55536AA79438E0500643F,The Range,射击场
/3DF439514ABFD28D247DCB845D63B358,The existing mission wil be overwritten.,已有任务将被覆盖。
/B91703884C45F51EAA203AB5B1ED36F4,"The filename of the mission. Ordinarily this is the game mode name, without any spaces.",任务的文件名。通常为游戏模式名称，不含空格。
/9FB2DC844DED73C11CF3F3A4F4C8DC5B,"The mod priority determines which mod features take precedence. The higher the number, the more that the mod will dominate over others. Where two mods have overlapping/incompatible functionality, the higher priority mod should generally win out.",模组优先级决定了其功能的优先程度。数值越高，该模组在功能上越占主导地位。当两个模组存在重叠或不兼容的功能时，通常优先级较高的模组将生效。
/4169ECFB4762514D8C524197115B3D7A,The mod type is whatever the mod declares itself to be. This is for your guidance but is not definitive.,模组类型由模组自行声明，仅供参考，并不具有绝对约束力。
/2731854548BED481325F4AB71AA1785B,The mutator author,突变器加载失败。通常是由 Lua 脚本中的编程错误引起的。请检查日志中的 Lua 错误信息。可在控制台中输入 showlog 1，在新窗口中查看日志。
/8E8E5DFB43A01BB5E4480D9AB17B8AEE,The mutator has failed to load. This is usually due to a programming error in the lua script. Check the log for lua error messages. Type 'showlog 1' in console to bring up the log in a separate window.,突变器优先级决定了其执行顺序。数值越高，突变器越早被调用。突变器优先级来源于其所属模组的优先级设定。
/B82F3F584F7165DD8776B5BCA2547310,"The mutator priority determines which mutators are executed first. The higher the number, the earlier the mutator is called. The mutator priority is determined from the associated mod priorities.",突变器的优先级决定了其执行顺序。数值越高，突变器将越早被调用。突变器的优先级来源于其所属模组的优先级设置
/9F8C8AE3454A69EB439F7E91AB7C0A45,The net driver failed its Listen() call.,网络驱动在调用 Listen() 时失败。
/409E15E74F391A70AC9F19ADB0DD14A1,The original and best,原汁原味，最强之选
/66785553494927C077384BA5EB220B68,The original and best,原汁原味，最强之选
/AB623EEE4791916E9F1797A23B60CF4A,The pending connection to the server failed for some unknown reason.,因未知原因与服务器端连接失败。
/BE14FC304201A8E852EF19919DB0CAB9,The pending connection to the server failed.,与服务器端连接失败。
/686EFFAC4C3644A75121E885DB1C8A4C,The pistol is held close to the chest and pointed forward — ideal for very tight quarters.,手枪握持于胸前并指向前方，非常适用于狭窄环境。
/6005EB5E4037EC1AC3A9B4B3F0DA9094,There was an error during a client travel to a new map.,客户端切换至新地图时发生错误。
/5097811C4B9C8A33EE793B8A72F85473,There was an error during a server travel to a new map.,服务器切换至新地图时发生错误。
/79AD66154F94630D813CD08537B89486,There was an error during connection to the game.,连接游戏时遇到错误
/3D0FA6904C5BD71CC129AF8BC44EB563,Third Person,第三人称
/228D7E2E4B7F0E1C3CDE379B9EA0A8B6,Third Person (Fixed),固定第三人称
/8F5BDE924D034D84E641A0A26020D432,Third Person (Free),自由第三人称
/8AD0795440763BCBBA1598B86C1199B4,This ban is permanent.,永久封禁
/298B3E63447473D19E656B8B416F8931,This ban will expire {0},封禁将在{0}后过期
/AC7A10BD4620F567E94E07855347C1FB,This command can only change one at a time.,此命令一次只能更改一个项目。
/571DE54B4742C09A86A9A3A295999CE7,This could be due to game mode or change to server configuratoin.,这可能是由于游戏模式或服务器配置更改所致。
/0B69DF1D4FAB78A382A487B2E1F9A974,This decrepit abandoned building standing in an Eastern European industrial district appears to have hosted a school turned field hospital.,这座位于东欧工业区的破旧废弃建筑似乎曾是一所学校改建的野战医院。
/556F0D9347B959EACC78C4A6AE0312C5,This is a MOTD line that is really not that long.,这是一条不算太长的每日公告（MOTD）内容。
/0BEC0CD74218211DB10A208E5F8C41E3,This is a description of a validation error in your level. It may be a sentence or two in length.,这是关于你地图中验证错误的说明，可能是一两句话的长度。
/CE8EE8DC4E2CFB19C2EA89AF3DB4B61D,This is a hint,这是一个提示。
/1260C2A94DC7CA6191C9DC8D81BD5E71,This is a pretty long text placeholder for a game tip that shows up in the loading screen.,这是一个较长的游戏提示占位文本，会在加载画面中显示。
/F1ABC3D9496505C2B5EC22A6CD29AE1A,This is a test string.,这是一个测试字符串。
/5BDB0FA045852F0417D47B8D71E3A970,"This is one of the biggest and most expensive rigs ever built, and bad guys have just taken charge of it.",这是建造过的最大、最昂贵的钻井平台之一，而现在坏人已经接管了它。
/30B89FBE492CE4D157846F9C7DF8E193,"This is the author of the mod, as declared by the mod itself.",这是模组作者，由模组本身声明。
/99489F5D4DB48084B4B48C9A329175C1,"This is the title of the mod (if present), as specified by the mod itself.",这是模组的标题（如果有），由模组本身指定。
/43F7FE5549E8D5DC3D067FAC1270D90D,This is the title of the mutator,这是突变器的标题。
/AD89C8974D21BBE0C379CB8B37351BC0,"This player has killed you with
friendly fire {0} time(s).",该玩家误杀你 {0} 次。
/9310AB6F4130CE884AAFBAB9CEB426FB,This player has teamkilled you {0} time(s).,该玩家目前队杀你 {0} 次。
/D4EC86C947792C35816BC5BA71BC4A64,This player is currently talking. Click to mute this player.,该玩家正在讲话. 点击静音该玩家。
/D3A73CD240803349F970DF921340FC68,This server has a web banner.,服务器使用了准备室展示板
/BE760B134D47B67D96EF28A947FDC9DC,This server uses a white list.,该服务器使用了白名单
/020706014B342A24D14E15AD40B7088F,This slot is not available at this time. It may still be in development or temporarily disabled.,当前该槽位不可用。可能仍在开发中或已被临时禁用。
/6BF39837402CF40EA0737F864329AB6B,"This small paintball field was not built for lethal shootouts, but paintball markers aren't as readily available to paramilitary operators as real guns.",这个小型彩弹场本不用于致命交火，但对于准军事人员来说，彩弹枪远没有真枪那么容易获得。
/C4E8F7EA4363BD86EDDD8E861121B4FA,Thumb Mouse Button,鼠标拇指键
/0B5D00F44AB5271FE7C839B66D9D087B,Tiger Stripe,虎斑
/6111149B423A9B166B066783A4118061,"Time
0000","时间
0000"
/1B328B3444301DA6F22F2883BD7DDA40,"Time
{Time}","时间
{Time}"
/2A5A26D549BB45C49D94B5A6F9B8C57D,Time of day preset:,一天中的时间:
/6432356C413043E7CC7AF5B42DF8740B,Time of day preset:,一天中的时间:
/067CCFD647E42BF4342D9D92C8ADCCB5,Title Text FTW,首选标题文本
/FB016A254399C8E52AD6339C609EF0A0,"To add an attachment, DRAG & DROP it onto an available ",要安装配件时，点击并拖动配件到可用的
/BE84EEF144AEA60F6EB628ABDF2CC3B0,"To change your appearance and loadout, approach a LOCKER or WORKBENCH.",要更改你的外观和装备配置，请走近储物柜或工作台
/CC9C3ECB401E4C6784D3A0A2BB165C04,"To use BINOCULARS or the RANGEFINDER,
toggle your NVG off first.",使用望远镜或测距仪前请先切下夜视仪
/5D40E0764DFFC9D61B4C8DA0E6B86A8C,Toggle,切换
/98D46C784D5214497836DDB1D61CDC07,Toggle,切换
/C25C0E5F4807065ADA7C5F9B2DABCC0F,Toggle,切换
/E5ED6A8E4329108F3DBC60A37E73CF51,Toggle,切换
/E9325093484180B0E5D58A81E2655263,Toggle,切换
/F388EE274C4AE2C76CD4C69E652EF032,Toggle,切换
/3BDB5084437C228C299B20B92AE90424,Toggle HUD,切换HUD
/621AB4DF438F6F44D2D592A4A6EDB414,Toggle HUD,切换HUD
/7B0AA5854B3E52C66120A88012C6BB49,Toggle HUD,切换HUD
/3249F96D442DFB4B26510C848173DEED,Toggle Laser,切换激光
/A6825D4B492D5ED1CCC2AD8363399AC1,Toggle Laser Mode (Visible/IR),激光模式切换（可见/红外）
/DB86BC934F58015137BF188CF274B09B,Toggle Laser Mode (Visible/IR),激光模式切换（可见/红外）
/BF5DB95949DA1FD0B6B4A4A224DCD0D5,Toggle Tac Light / IR Illuminator,切换战术灯/红外补光
/BEA3FE874DC81D94D7EE83B4DC0D6D77,Tonemapper Sharpen (Requires Restart),色调映射器锐度(需要重启游戏后生效)
/1F7670494F18C5AF3DF3288E7ED30AC3,Too many items of the same class/type as {0}.,{0} 上存在太多相同类型的配件
/81DF0CE940F482D92A16A0AC2CB5F693,Too many selected.,太多选择
/3E734106484EDFE6AF8365B24F081C7C,Top Rail Mount,顶部导轨（附件）
/A6174A6B490039BA1A3710BA1660C5E9,Top Rail Mount,顶部导轨（附件）
/844D027C429211F3E1E9E7BDC8759DEA,Trained,训练过
/30218A7B4DE422C264FAEB83C5FFA3E3,Training,训练
/0CF04A034A1DB3A0F7FEB3B08C7A7FEB,Travel Failure Type,地图切换失败类型
/A95348A04BF03FC7E43A61874527EFB3,Tri-Rail Mount,三向导轨适配器
/4A46F5264BFDAFD3A3FBF8B44C50CC25,True,是
/58ABF06F4CA800A73172F3B7DCA93CA2,True,是
/5992B8234D080775307DE8B1826A375F,True,是
/765243EC47A4060D840F46BFEE87E080,True,是
/E38BD856472153C49C7363866EEB4698,True,是
/E3E3CDB44D38E060A77562949A62AB9D,True,是
/07C6530E4FE8983D97E22A90E032960A,Turn Left/Right,视角左右移动
/390B02F84233A651A67AF5B7077C19C1,Turn Left/Right,视角左右移动
/836F38204B70E97D67B96FB0DB660FEF,Turn Off,关闭
/006A4C934792557128AA7BAC13C970C7,"Turn the mod on or off, but keep it installed/subscribed",开启或关闭模组，但保持已订阅状态
/950AE577409E9635EBAC338EDAA930B7,Tweak your loadout here while using the firing range. Approach the bench and press F to start.,要改变射击场内使用的装备，靠近这里并按互动键（默认为F）。
/6F613C784158689455D319BD99F176E1,Two Levels,二级
/3B4260834B5A7ADCE4C75BA3447DAB8F,Type,类型
/48DF44FF49510AD66D610CABC698DDCF,UCP,UCP
/CA2CCD3D4BBE71670D6A8FA15B3E9E3C,UCP-D,UCP-D
/97BB872B4AA5598060E5A9B84449E129,UMP45,UMP45
/8297022049A935DD7D1D45AD8663AFF0,UMP45 25rd [.45 ACP],.45ACP 25发弹匣(UMP45)
/6C24CDE04755CE2944498FBF354E65F0,UNBAN,解除封禁
/EEC469B6423184B5D681FF8B751FEA17,UNBAN,解除封禁
/681B6EC7428B12E6071460BA16E6DC87,UNDERBARREL,下置附件
/C665518F4CDFB77977C4C68B8F5B1B74,UNIQUE ID,唯一ID
/CDD0B36B4A9349E7D7429BA6D1BFA6C7,UNMUTE ALL,取消静音全部
/0D7931A0451B4464DCEFE7B1B34360B9,UNSELECTED SKINS (NOT ALLOWED):,未选中的涂装(未允许):
/67F0C41A47F789907F4C999AE76A7532,UNSELECTED SKINS ({BlackOrWhiteAction}),未选中的涂装({BlackOrWhiteAction})
/FDDCAAFE482696172B9BD1B313B03626,UNSUBSCRIBE,退订
/54CA27D14371822EF3471788637AA936,USE ELEMENT CALLSIGN,使用小队呼号
/8B82A6064C4E9642D743B394F557C38C,USE RESTRICTIONS,使用限制
/7B51134C4C3BB53ED261E8B2A84C49AF,Ultra performance,超高性能
/F5B174F440BA2DBAE60B528A5B9BE7EF,Ultra quality,超高质量
/675ECBB74B80C289268B8DBA0FA505CB,Unable to travel to '{0}' - package is not a level.,无法传输到‘{0}’ - 该文件不是一个关卡。
/ABE6199542708112060CE48867566984,Unban,解除封禁
/C4DDCC0E410416EB9242DA993D32F917,Unbanning {0} of {1},解除封禁中{0}总计{1}
/997194FA457992F9FE5DCEB5F3F675EF,Unfocused Volume,丢失焦点后音量
/3B65E8DB4CF3F2CFDA5D85A3421B2B76,Unknown,未知
/4DDE846E47587AC9622742983C05B2DA,Unknown,未知
/6868C0B3462FD27FC35408838ADCB472,Unknown,未知
/B79219B7460024398BA73EB738E95230,Unknown,未知
/DB15BCB94476DC73441FF2AEB7C333BB,Unknown,未知
/DC9F69664473D6E995E76581C70C4369,Unknown,未知
/F7B53FBF49B566F8194121B74447339E,Unknown,未知
/F830FE0841C8F584B7E7189D58220085,Unknown,未知
/FA81B83947EABDCC52A4D2B629D15138,Unknown,未知
/31A371DA49BC14C9CC095AB5E6C7A484,Unlimited Framerate,不限制帧率
/0E1C271B4090AA8FB76B6F9FB91F7B62,Unsubscribe from the mod on Steam Workshop and remove it from local storage,从Steam创意工坊退订Mod并且删除本地存储的文件
/CEDD81E8414D07028121C4B234904B9F,Untrained,乌合之众
/10F4D25346424CC3DE4EFA955BFD73CF,Update Mod,更新Mod
/3671A8A145D56EB7B53CF7BB8D34A735,Use Door,开关门
/AC1ACFDE4DE917BE0BA00D8E65474330,Use Door (Gradual),开关门(渐进)
/A6651CB047244D0D13E2AB9EE2CB3B83,"Use HIGH READY and LOW READY to recover arm strength, and to avoid ""flagging"" teammates.","使用高或低姿态准备姿势恢复手臂耐力, 并且避免武器指向队友。"
/C4CCEDB944DF737AB020D6B306FAFDF3,Use HIGH READY or LOW READY to recover arm strength and reduce weapon sway.,使用高或低姿态准备姿势恢复手臂耐力，并减少武器晃动。
/DFD796914535D5D68F4B4ABAEAFA4A74,Use Ladder,使用梯子
/750BD60E417918BB7CDFFC818A9EA4EE,Use ScreenSpace Global Illumination,使用屏幕空间全局光照
/4F3ED9FF47EED6F5A8F553AEE7EB7699,Use Simplified Character Shadows,使用简化角色阴影
/00A583C64FAB1DE71CBBBA899A9F49C5,"Use this locker to change your name, appearance, gear and loadouts. Approach the locker and press F to start.",使用衣柜来更改您的名字、外观和装备，靠近衣柜并按交互键使用（默认为F）。
/15E500C44AD506971BA497AB606A6AD5,"Use this locker to change your name, appearance, gear and loadouts. Approach the locker and press F to start.",使用衣柜来更改您的名字、外观和装备，靠近衣柜并按交互键使用（默认为F）。
/1A38BDEB48D9AAFE6E8DC38A009D534B,"Use this locker to change your name, appearance, gear and loadouts. Approach the locker and press F to start.",使用衣柜来更改您的名字、外观和装备，靠近衣柜并按交互键使用（默认为F）。
/6C97E5B749EE3D97838E17A1382A4476,"Use this locker to change your name, appearance, gear and loadouts. Approach the locker and press F to start.",使用衣柜来更改您的名字、外观和装备，靠近衣柜并按交互键使用（默认为F）。
/7E11A3A74F61EBCCEF1AA1A5995026F9,"Use this locker to change your name, appearance, gear and loadouts. Approach the locker and press F to start.",使用衣柜来更改您的名字、外观和装备，靠近衣柜并按交互键使用（默认为F）。
/810B40C7465010FB35718FA4D63F2A1A,"Use this locker to change your name, appearance, gear and loadouts. Approach the locker and press F to start.",使用衣柜来更改您的名字、外观和装备，靠近衣柜并按交互键使用（默认为F）。
/A0262B824E8FC5A34E2D3E9E33347787,"Use this locker to change your name, appearance, gear and loadouts. Approach the locker and press F to start.",使用衣柜来更改您的名字、外观和装备，靠近衣柜并按交互键使用（默认为F）。
/ABEE2D444AA137E1426192BE690CA19E,"Use this locker to change your name, appearance, gear and loadouts. Approach the locker and press F to start.",使用衣柜来更改您的名字、外观和装备，靠近衣柜并按交互键使用（默认为F）。
/44B4F9DE4C3D30DB64A593B87CECA62E,"Use whichever is most convenient, but bear in mind that if new skins are added in mods, they will not be available by default in whitelists, and vice versa for blacklists",使用最方便的方式即可，但请注意：如果模组中添加了新皮肤，这些皮肤默认不会包含在白名单中，黑名单的情况也同理。
/E7BCF9804AEF38826BE37DAF4D995905,Used for main menu.,用于主菜单。
/464E15304BAA0487E4B8F68DBBA36036,UselessFodder,消耗品
/54023DE1404116B74C9E85BBE1A80FED,V1033,V1033
/B9E5B9AD4C1493EABA6FC2967B01495E,V1033,V1033
/4CA47A5144A4AF613338D48CBC3C0F48,VERSION MISMATCH,版本不匹配
/D405D7EA422EBC2C756B69B00BDD44E9,VERSION MISMATCH,版本不匹配
/60991E014CD20A692587C2B0371B93D6,VIDEO,视频
/902FC8B94A64E4F1111241855527B29A,VIDEO & GRAPHICS,视频&图形
/7AC543F24EC9F3AEC9AD8686A2D9CB60,VIEW DISTANCE,可视距离
/365647FF4A281EB05D04A18D5D58D906,VIS LASER / IR LASER,可见激光 / 红外激光
/6B81B122481A95D3712B988916E85310,VIS LASER / IR LASER,可见激光 / 红外激光
/BFD431934BA31405355D94963D450A15,VISUAL EFFECTS,视觉效果
/80BFBF0D4168DD5DB8882C8F8BD0A332,VOICE TALENT,声音工程师
/7304C73749AC01A1F7F90EB31DC8BF92,VOLUME,音量
/218107974C2A7E9174BAAAB1658C116D,VOTE,投票
/9D4F61E745A82627F35C70AC607EB6B4,VOTE,投票
/98F3B8A142B0B1A9265E86AF7A60B8F5,Validate Level,验证地图
/865DAD784A930047FEBE5582C21035BB,Validate level objects,验证地图物体
/7CBB4D9F4860123083092691E1B86D0E,Validation function missing or broken,验证功能丢失或损坏
/4575FDDA45D598FE71E1DCB437690BE9,Validation of '{gamemode}' mission data,验证'{gamemode}'模式的任务数据
/249A44D043983BD0826FAB8FE6319B1B,Variant Name,变体名称
/4A6E48BB4D38F5F39E3E9AAABB27791B,Variant Name,变体名称
/584186D046FAFC3494AC2CAE3533D7C7,Variant Name,变体名称
/45DFE7474DE16FD2A097158247B49608,Version,版本
/54387D5B45D4DDBB08D1BBA39916274C,Version,版本
/606CB74B448480D0F47959A2234A3C26,Version,版本
/FCBB6B57473D162E88AA4D954B2F38C2,Version,版本
/FDF2EB7C404CE3E162BA4DB575FE5D32,Version,版本
/0A31469742EB7BAB0A8E75B2F3FE0B80,Version {0},版本 {0}
/1C9739194CAE1484D859169C0BED57EE,Vertical Grip (RVG),垂直握把(RVG)
/A544796F464E8FEFD056F6B6DFD6FCCC,Vertical Grip (SVG),垂直握把(SVG)
/D7D8ACC942B00D3733DA83B2D29C3C4E,Vertical Synchronization (VSync),垂直同步(VSync)
/899E906843F82C70299E288C6093A137,Very Good,非常高
/D62A1AA74CE63C6AE0BD77BD61BB70EB,Very Good,非常高
/3B817B73425855B2BE1067A81CC51C42,Very High,非常高
/683DEF4E49AB73474B3C92AC343EDDCA,Very High,非常高
/90C64AE64D4DDADC3983DAB9BA4DD6D7,Very Low,非常低
/B40B94F8480A7B3D3108F6BF35D563B0,Very Low (Faster FXAA),非常低(快速FXAA)
/6BEBDAE94B5009A292181885BF400366,Veteran,老兵
/82C26B454DD3D3A5094012A21B52C7FF,Video,视频设置
/CBB72D7743C9AF8A5E6E13AA1B3C8D1B,"Video, audio, control and gameplay options.",视频，音频，游戏和控制选项.
/AEDCEA8F4E5A27F5864FD18961A20713,View Distance Scale,可视距离比例
/2E9BA53F44D44728D85AF8BB8F06BE75,ViewDistanceQuality,可视距离质量
/1B724E9A401C3ED2CAFE8D9B8FF73477,Visible,可见
/4764B95F403B2462327D8BAFDDFAC03C,Visible Laser (Red),红色激光指示器
/3F499B6F42DE922F988124879EFF8610,Voice Input Mode,语音输入模式
/85E8B09742C39E5C28EE39A8FF16C6F9,"Volume when the game's window is not in focus (minimized, Alt-Tabbed etc.).",游戏窗口丢失焦点（最小化、ALT-TAB切回桌面）时的音量。
/8D6C89814BFFA9B4017375A0A59B2F1E,Volumetric Fog,体积雾
/D0718F29415C56DB4E4DE980D2983ADD,Vote submitted.,投票已发起
/59617F884799AD00D9EE73859FE1F8FC,Vudu (1–6x),Vudu (1–6x)
/3B35E4154D779C344EBE2AB06157B661,V{0},V{0}
/AD1ACC284C6A9B4E1D810BBBB369615E,V{0},V{0}
/3B824D6C423407D8CC7189A40B1D4427,WARNING,警告
/8D252C8A4A01D7ECBC1FD4A25845EF7D,WEAPON ATTACHMENTS,武器配件
/85536B8B40A24A16626DBAA4022BC333,WEAPON KIT,武器配置
/88875F56446B58CDE9FE608C2C889430,WEAPON POSITIONS,武器位置
/701C9D0D44A9E19F72A82F9B8A85B1B2,WEAPONS,武器
/B83D661247E4BFD584A99F96687F8096,"WEAPONS DISABLED
UNTIL END OF PHASE ","武器功能已关闭
直到阶段结束"
/FAE5C3134A033FC03944D6A23E81AE49,"WEAPONS DISABLED
UNTIL END OF PHASE ","武器功能已关闭
直到阶段结束"
/6452D9074117109021FAB0A94D01D34F,WEAPONS KIT,武器配置
/9249F31549738F84AA926EA783A4B7B9,"WELCOME TO CAMP PEARY
TRAINING FACILITY","欢迎来到皮尔里营
训练设施"
/A192C7F3433CD8F7FA409BB51F66B4CF,WELCOME TO CAMP PEARY TRAINING FACILITY,欢迎来到皮尔里营训练设施
/B8ABAA824893B8CE15612CA37C9F7334,WHITE LIST,白名单
/08D5C4B247F944B3B2FCA5B0CC4DFD2A,WHITELIST,白名单
/9D04C3DA43F7C0D6319CDF8E94D03653,WORK IN PROGRESS,开发中
/FA9EA89645C36ECB86C35AACE5DC5D43,Wait...,等待...
/BDC07EFD4060A65621CF2AAA922951A4,Waiting for request,等待请求中
/D049713B4589B602764A32BA2AF09619,Waiting for request,等待请求中
/E3192AC34CA401A05808D1A3F5D77633,Waiting for server process,等待服务器进程
/8B90ECCB40BB91C064D8B1BF5C2AFC5C,Waiting for server process...,等待服务器进程...
/419852124453EF48056DC5BC0C17EDE9,WaitingForReady,等待（队友）准备
/86CD17A54E4AA142238ABF84BC894FE1,Was unable to load the map.,无法载入地图。
/438AFEBB44C47F7BF71B94A9CA9A3F9D,Watch your fire! Make sure to have PID (Positive Identification) of your targets before pulling the trigger.,向目标射击前请务必进行敌我识别
/4BB7CC6A41E92668209EAC894D1041A1,We apologize for the inconvenience. Later versions will feature a Sound Input setting to make managing input devices easier in-game.,"我们对给您带来的不便表示抱歉, 以后的版本将加入声音输入设置，使在游戏中管理输入设备更加容易。"
/F59F2D8C488E45DFE6DE4BBF73A94ED5,"We recommend only allowing images (.png/.jpg)
and only from a source you know and trust.",我们建议只允许使用图片文件（.png/.jpg），并且仅来自您认识和信任的来源。
/94FD300746C013A417B31DA57A1B7D71,Weapon is empty — reload to resume firing.,弹药耗尽，重新装填以恢复射击。
/F5BA37A9454ABD29AB263097881F6BBA,Wear IFF (Identification Friend or Foe) devices such as the IR STROBE to make yourself easier to identify in night operations.,当装备诸如IR频闪器之类的装备时可以更容易地在夜间被队友辨认
/99183B1F4DC7CA9D2A32D1A391E5FACE,Weather Type,天气类型
/FDB503A8453B4E5A2449A59B3D7D4339,Weather category:,天气分类:
/7F96EC04430777A42E6651811625806E,Weather type:,天气类型:
/A6D46540407279EBE39C82B5661EE554,Weather type:,天气类型:
/91AB69704D19A92FA37CC9A672C6300C,"When first drawn, your weapon defaults to the LOW READY position.",初次使用时你的武器将默认处于低姿态准备姿势
/3535617E4BCBEFC7D28E0593EFD9CFFE,"When multiple sight types are mounted, determines which type to default to at mission start, and which order to follow when switching between them.",当装备了多种瞄具时优先选择哪一种类型的瞄具
/B2320D5143C0F5482978C39EA9518B0E,"When set to ""Yes"", disables gear and attachment shadows.",设置为“是”时会关闭装备和附件阴影.
/35191BCD49EBCD80A9B6AD95D8361786,"Which type of reload to perform with a SINGLE press of the Reload key:

[RETENTION]
Retains used magazine. Slower, but conserves remaining ammo.

[NO RETENTION]
Drops used magazine to the ground. Faster, but discards remaining ammo (that can be picked up later).

The non-default reload is performed with a DOUBLE-TAP of the Reload key.","按装填键时的默认方式:

[回收空弹匣]
保留卸下的弹匣，速度慢但是会保留剩余弹药。

[不回收空弹匣]
丢弃卸下的弹匣(可拾取)，速度快但会丢弃剩余弹药。

快速双击装填键来采用非默认方式。"
/35FC596E430CEB05A441D58BF7D914B3,White,白色
/E41045E7435F750882CAB4BA0A186A64,White List,白名单
/8DF5720943196A57FA0E6391DD9B3FF4,Whitelist is used,白名单已启用
/005D416C488C2D540AC8A9997C6836D5,Whitelist items,白名单物品
/A23DF610448F3099FCE9DAA5A383FD36,Who made GROUND BRANCH?,谁制作了GROUND BRANCH？
/D15F01964B6BB4BB21CE5AABC653BEE4,Will Bullen,Will Bullen
/1652CED74DA77C487C4D95A75B8DEBAA,"Will this be multi line?
Or not?
Let's find out.","Will this be multi line?
Or not?
Let's find out."
/D4CC3B204C88D8E3A009FAACDDA0B2D1,Windowed,窗口化
/7CB2BD3C4A2A2F43B8A3D4BFE74C7F49,Windowed Full Screen,无边框窗口
/C48F2313418BD99A3AFE51B431EAA83A,Windows,Windows系统
/4DF2BAC843136D72EF1CCB8529A5CEE1,Work Boots,工作靴
/37E17232421F61F92C5021B5F9678E4E,Would you like to invite friends to join?,邀请好友加入吗?
/FB54ACD042F23A5080D0F6B3431D9239,Wounded,负伤
/525F74764FABCD65C33749A6DBFCFCEE,Wrist Watch,腕表
/EDDE334D4095C632FF2194B59C71A570,Wz.88,Wz.88
/429F23714B8404A22FA318AEE7FA89F1,X,X
/F270452C4AA1C0FFB85998815440C7AD,X,X
/0683C9E2462BA22782F86DB5E6238038,X.XX AMMO,X.XX 弹药
/364B911C44C43EFF56E1D5A9E704D224,XX Packets/s,XX 数据包/秒
/EECC2FDF4AEBEB319CF530AACBAF0DC1,XX Packets/s,XX 数据包/秒
/3EB1FE1744976BAE8EF230A03E6DFA61,XX% Packet Loss,XX% 丢包
/D49D0CFF47E217EB920607BDA7B3325D,XX% Packet Loss,XX% 丢包
/29C200DB41927A7AC2A990A9958D6170,XX.YY KB/s,XX.YY KB/秒
/DE8A532243AD489AC71D64903DFF01BB,XX.YY KB/s,XX.YY KB/秒
/AA0FD29140F91C443FBDFBAC7BEAA64F,Y,Y
/AC82600447DCE5917E850E95F1369DA9,Y,Y
/1211F395408D19788BC01989ECF2CBF5,YES,是
/62CF5F534AEAA9830BF7FE91E221993C,YES,是
/84B3FD434D5DB4E4D28B7CB33304BABC,YES,是
/86A22DCA4EEF6C95FB051AAB772E73FC,YES,是
/CBD67A0C44B153EB9CEA0FB2CA757B44,YES,是
/45A5DE5E4180723C4460E496CC50C9EC,YOU HAVE THE FLAG,你拿到了旗帜
/30217F284A1C591817F457A38402F1C0,YOUR TEAM IS PLACING THE FLAG,你的阵营放置了旗帜
/7CB0069D4F5C46EAECF18D9B9811E95D,Yellow,黄色
/0C6A307E467AC96EE0EFCDA2264EEC5E,Yes,是
/37F3AAA842BBEF202A8DCD95364EC71E,Yes,是
/4D06355A4D55D84BCD94B093393D8ED5,Yes,是
/5851EAD94932D7B2A0DDB9AB5D2C2366,Yes,是
/6D21881846A89B0D2936DBA7F9AF7846,Yes,是
/ACF666204ADA2EB69829258A3F0CF7B7,Yes,是
/C8C155C54988710AEBDA608BE4F25EB7,Yes,是
/F168833F49AE9EDF700E56B370152D17,Yes,是
/5B5EE0CB46E08FC3D73ED1BE0F7401EC,Yes (Excluding UI),是(不包含UI)
/A06AB41746C237F99A2BBDB2474AFF08,Yes (Including UI),是(包含UI)
/ADE33BA94A81BFADC4C0208C9BD71304,YesNo,是否
/743FD07E484AA07ADF8695AB0F3A8A85,You are no longer on a team,你不在阵营中了
/DA3F90D24991B26ED94F0684ECEF2BFA,You are now on {0} team,你现在为{0}阵营
/EFE269294CC397EC648C9AAB45DF4D23,"You can invite friends into your server at any time using the INVITE FRIENDS button in the [Esc] menu, or via Steam® Overlay:",你可以通过ESC菜单在任何时间邀请好友进入你的服务器游玩，或通过Steam好友列表。
/9666ABA541D36D48B964ACA359BF7C97,You cannot login without a unique and valid Steam Id.,没有唯一有效的Steam ID，您无法登录。
/B5B51DE6428576016ED3FCA0417B57E8,"You cannot use the BINOCULARS or RANGEFINDER 
while using Freelook.",自由观看时无法使用望远镜或测距仪。
/B493F437414EDA5003136E9F0CD9D040,You forgave {0}.,你原谅了{0}.
/1BB7C98343D16DB26D33EEB8518441B7,"You have been banned from the server for
{0}","你被服务器封禁了
原因是{0}"
/6A1B9996430AC104F066F0924C23509B,"You have been kicked from the server for
{0}","你被服务器踢出了
原因是{0}"
/1A9C46FF42722DD9555BF9ABFBBEBEF7,You have forgiven X.,你原谅了 X.
/E55B20F746831B2917DFCAA2FE4E1DBD,You have muted this player. Click to unmute.,你静音了该玩家. 点击取消静音.
/F71450414C9104A7350BE8AFEC452C2E,You killed a team mate!,你击杀了队友!
/95A19E31434E310280C39297D4AC44CC,You need to restart the game for your settings change to take effect,你需要重启游戏来使设置生效
/B94DA2294AF95E96D69493A31689AA8B,You reported {0}.,你举报了{0}.
/839614164C3FBD5395B7E0B4B65FC646,You seem to be AFK.,你似乎在挂机.
/74930453479B093C6998EEB528515E80,You were team-killed by,你被队友击杀了
/7820643648C833CB7A4EFF88DC94ADEE,You will be unable to deal any damage to the enemy in this area until after the round begins.,在回合开始之前，你将无法对该区域的敌人造成任何伤害。
/33DC49114E3FFBAE8846489E145D9B3E,You will lose any unsaved changes.,所有未保存设置将丢失.
/D8FF7922423EE29ADD9C6CA4E9FF7E49,You will lose any unsaved changes.,所有未保存设置将丢失.
/B5FD812F472C1CB790838B8E61954E5E,Your chosen call sign was edited to conform to server policies,你选择的呼号已根据服务器规则变更
/4EAA283249F61DAC0A0EC19B644246AC,Your chosen name was edited to conform to server policies,你选择的呼号已根据服务器规则变更
/A88A908D44BF5B0BD604BC97AD65B038,Your client ,您的客户端
/A6B3D7894AB49DA4E470088002B8A76E,Your connection to the host has been lost.,与服务器连接中断.
/DEB8681745E2E0F211FA20B4CA1B960B,Your connection to the server failed for some unknown reasons.,因为未知原因与服务器连接中断.
/D503B10E4596A107D782999E36DFDFBC,Your connection to the server has timed out.,与服务器连接超时.
/771BA5324E56A4BBD9619DACC84871A7,Z,Z
/156FA6F9411646848A3330A7BE25587E,Zack Reagan,Zack Reagan
/5B0FCC554DA3F2767509BB9C280F04C7,Zero,零
/791919DF4DEAAF5D2389C3B153DB54E4,Zoom In,缩放增加
/FF0AA0C847936CD43DD77E817789A7B5,Zoom In,缩放增加
/14F5B27C45CD6F2B099332894A1BDBAE,Zoom In (Scope),倍率增加（光学瞄具）
/4E5A347D4040DA3967C757B5D2BE60EB,Zoom In (Scope),倍率增加（光学瞄具）
/46E8E9CA4EB1DF0B756F1EAEF92E90A9,Zoom Out,缩放降低
/E03FA23D4C349932903350BC97283B10,Zoom Out,缩放降低
/92E73E3D4208B8C0D3C0DC80BBF2947C,Zoom Out (Scope),倍率降低（光学瞄具）
/AB77DB53460580BC6392898790660F52,Zoom Out (Scope),倍率降低（光学瞄具）
/261086C44714632F5FFFC89F8087E67B,[,[
/2DCA110844930FC747C589826698262A,[,[
/450BBBE245BD6AF6F3D45DAB01CA7FEC,[,[
/49E25F8241233FD7E97389BFBC64BC2D,[,[
/4DC6345345A1284404E50196EB99B70C,[,[
/7C9759B140E8D8406A9A63869087E623,[,[
/B88B2F614FB7B61DC80BECB5A1F18DB1,[,[
/C97158A046B9FFDDE1A972B720A2F51E,[,[
/ED17A57048F9F5567684CEBFEA739CD4,[,[
/F119537C49D12D5445CDAC96804915E9,[,[
/F7367227488E0C4772CC7CAAB16EB987,[,[
/D7600C774E9E2F20D31AE28A9FC5C34C,[ Hide Advanced ],[隐藏高级设置]
/EF9620E14EF637B8DB1E7A93113F963D,"[ Original text • Visibility: Collapsed ]

Follow the bearing and distance on your watch to the flag. Your watch will indicate when you are in capture range.

At least two attackers must stay in range for a short time to complete a capture. Defenders can stop this by keeping at least two defenders in range also..","根据手表上的方位和距离指示前往旗帜位置。进入占领范围时，手表会提示你。

至少需要两名进攻方玩家同时保持在占领范围内一段时间，才能完成占领。防守方可以通过也有至少两名玩家留在占领范围内来阻止占领。
"
/C2CC342943CC110085BFCBB2C39FDD5B,[ Show Advanced ],[显示高级设置]
/B23CB20B49D941318054A4B3C8D5D4D9,[!],[!]
/9F74D1B747FE3BD012F882BC3D3C44C1,[#] Entry Text,[#] 输入文本
/3932800840DDD543EE73CBBD27E7FF82,[?],[?]
/6FCCBD1E4FFA6F9691F0779637AD732F,[?],[?]
/8CB5F0E140F49AB5E830538ABDE99FB2,[?],[?]
/E3B3E5204EAE580AD154C48AD664A8A8,[?],[?]
/8B0C75234F03F338E9AA169949A01A71,[ALL] say:,[全部] 说:
/A6E80AF34AE526E2AC013E97F2A27927,"[Full]
Gunshots and explosions are significantly louder than all other sounds.
Recommended for an immersive experience with headphones. Speaker users may find it difficult to hear quiet sounds.

[Medium]
Optimal balance between loud and quiet sounds. Recommended for speaker users.

[Low]
Gunshots and explosions are not much louder than all other sounds.
Recommended for speaker users playing at night, as well as players with ear disorders (e.g. tinnitus) or severe hearing loss.","[高]
枪声与爆炸声会明显比其他声音更响
推荐使用耳机获得沉浸式体验。 扬声器用户可能会发现很难听到安静的声音。

[中]
响亮和安静的声音之间的最佳平衡，推荐给扬声器用户使用。

[低]
枪声和爆炸声不会大与其他声音
推荐扬声器用户在夜间使用，以及患有耳部疾病(例如耳鸣)或严重听力损失的玩家使用。"
/0298B7D14EDCEC4A6EF869A077C1072A,[ITEM TYPE] SKIN SELECTION,[ITEM TYPE] 涂装选择
/F5F66AAC47C7058EFDEF7A8AC171642C,"[OPTIONAL] If possible, please tell us how to reproduce the bug on our end.",[可选]如果可能的话请告诉我们如何重现这个BUG
/0B862B144BA196A45560159209620BA4,[PREFIX],[PREFIX]
/A9D61A9A4322CA633AD8B8ABE20EE36C,"[REQUIRED] Please describe the bug as best as you can. Does it happen with a particular item, under particular conditions, or in a particular map spot?",[必须]请尽可能仔细地描述如何遇到BUG，是否因为特定的物品？是否在特定条件下？又或者特定的地图位置？
/86BA4F18410B32F81DB21ABB86ECB409,[REQUIRED] Summarize the bug you are encountering here.,[必须]在这里提交你遇到的BUG.
/DBC99DC24BAA9B41CB20988822BA76BC,[Redacted],[已编辑]
/DC11096D4EA75BA4A3AA89B1A9F84235,[SERVER],[服务器]
/667049104D720ADADBC99BB432E5E091,[Save/Load],[保存/载入]
/B67CA10042F7BC9E5D800F90776F91AA,"[Stereo 2.1]
Audio in two channels (left and right) plus subwoofer if available. Recommended for basic dual-speaker and soundbar setups.

[Surround 5.1]
For 5.1 surround sound setups, physical or virtual.

[Surround 7.1]
For 7.1 surround sound setups, physical or virtual.

[Binaural]
Uses 5.1 surround sound with added height/overhead channels and binaural algorithms. Recommended for headphone users to detect sound sources more accurately.","[立体声2.1]
双声道(左和右)以及低音炮(如果有)。 推荐基本的双扬声器以及条形音响用户使用。

[环绕5.1]
物理或虚拟的5.1环绕声，需要兼容5.1声道的设备。

[环绕7.1]
物理或虚拟的7.1环绕声，需要兼容7.1声道的设备。

[人头录音]免责声明 - 已知人头录音算法可能会引起恶心和头痛。
使用附加了人头录音算法的高度/头顶声道的5.1环绕声，推荐耳机用户使用来更精确的定位声音。"
/57A3380A4E93B049EF55FEBBEE22FB99,[TEAM],[阵营]
/A7005DFC447D5A4BE662D6990F776ACA,[TEAM],[阵营]
/BAECCFE9431FEC7116FD47AAEDECC816,[TEAM] say:,[阵营] 说:
/DEB7D105457998F43DD2EE97CB853690,"[WARNING: Setting this value too low can make double-tap actions difficult to perform!]

If a key is pressed twice in this amount of time, it is considered a double-click/double-tap.","[警告:将此值设置过低会导致双击操作难以实施!]

在该时间内按下键位两次视为双击。"
/4EECED8643D44D17F34AC5BD0C779743,[],[]
/3E4CE10F438A4762E549DFBBB4ABFCB9,[{CallSign}] {PlayerName},[{CallSign}] {PlayerName}
/D7F3B2394B9670E47D8CA192CA658DBA,[{Number}] {EntryText},[{Number}] {EntryText}
/01CE20A743E98B63D4D94581047EC294,],]
/1ED7901F4F4E3376DED0B4A450D3071A,],]
/428E77354076484912C1BABF702321E9,],]
/43EC4128469F4EB72B2BA5AF6CA421B0,],]
/52A0ABAC42FB94DDE4129E848DF4BAB8,],]
/64520804422C2897CAE4D1B954DA53B8,],]
/66C4EBF543AC65BF16E0A98FC997639E,],]
/6A7A9F8047DD08232729B394D956D5E1,],]
/9B663DA443E5D76EC235B39C5D41655D,],]
/B54FAD7C4531684A82AEC0BC83FC5F7F,],]
/B5AD057A432B086751155F9318CD3378,],]
/876B70DB420DBE86D3DFD481073255E7,a TACTICAL REALISM GAME by,一款战术现实主义游戏
/4605DDE2421BD8FCD3B2D5985C617785,approx {CloudCover}% cloudy,大约{CloudCover}%云层
/EFF1977D4450B284E335B99D2D594443,brabbeldas83,brabbeldas83
/47FF2ABF4ACEA002E390F6BD797E1AB9,by,由
/DD2E22724E8B9AEC46D97A8C0876FD16,called a vote:,发起的投票:
/F2E7C7BD4735EA0947727AAFC4596872,called a vote:,发起的投票:
/F429D15A49BE8AFB49CA59974885EC14,coop,合作
/74805C6440652C997B98BCB6390CDE26,"coop,pvp,team,train",合作，对战，团队合作，训练
/135A3D684C23F2242C1485BCDF9C4F8C,day time,白天
/23D23F4546EC1FAA045A73AD22FDFF5D,day time,白天
/BE7D1E574FB04BBFC64F188F9E7F3D84,day time,白天
/BB26F5544E54923FE89BD28EEACB564C,justinred87,justinred87
/58D41AB3488A4CC89247CDB96A83BED6,min,分钟
/8CFC35DE41A9DB27F09ACD9938B19D2F,mins,分钟
/56C7E0B9412FD98CD98C239A247F9163,mrbombastic,mrbombastic
/2BA658C6463DA9BBD3634DB37035491A,next to your name,下一个到你的名字
/0CECD86E4787150A18B4158856244A6F,night time,夜晚时间
/5AEE37CA4E788CFA9973F0AA17582FD5,night time,夜晚时间
/9CFC5E0F40E27888163DFFB636F2272D,night time,夜晚时间
/E01DF74340038CEAFE6D588669CE35EA,pvp,对战
/10406D744690A0F6D8D7E2BBCEF47A0F,rounds,局
/5FCEC11D4F929B28A985A0AE122E9170,rounds,局
/D244ED7B4CB0346FD735E48563880ACA,rounds,局
/E43BC8C24119B64500D7D38F05B96E18,"set your Element (A, B, C, D) via Session Roster menu - press Escape and click on the Element icon next to your name",通过玩家列表中你名字旁边的小队图标来设置你的小队（A、B、C、D）
/3ED0FD3E4BE9DBEC147CBDBCD61494A8,slot,槽位
/1737642F4013AAFCE160CBA83D883089,sunrise,日出
/465CDE994A90396C2AC6D48375E5DD5A,sunrise,日出
/B8E0B2F84BDC05479E3F919107C45D0C,sunrise,日出
/0447655A48E8E76E9CA377BD534709D3,sunset,日落
/B5E7867343D1CA52CE6497BBB96B6260,sunset,日落
/E0566E884AAECC7CE490BCA0CA40BEE9,sunset,日落
/2F0DC84F451AB751566B41919BFA67AD,team,团队
/E86D368842C28D92DFC53FBBFCAF9154,then click,然后点击
/88EA6BDA4411F36466A7B98DE2328A26,to use,使用
/6FF6C2A442AB2549CA12FEBD30324332,train,训练
/526560444870AC644B44549DC87F4A4B,v,v
/723586B94E3436806EBB78B75698B2B5,was on your team!,是你的队友!
/9C83DD2640487D05606D5B8BA9A9D5F2,with 3D ART by,提供3D艺术
/2623BEB14771FD9C718919B03099D1FF,with PUBLISHING by,出版/发行
/1B3FC5CD4F9C6AAB6F5CF08F68292E40,xx.yy kg,xx.yy 公斤
/C830498044A6D11095E4E49C0A384BA0,{0},{0}
/F2E3B8BC4E3688A2D3EB8EB37C7AF88D,{0},{0}
/0A2E66C7486D5400BFAC8B9214AD66EF,{0}        {0}        {0}        ,{0}        {0}        {0}        
/7DB40C37419C1FD8A146C88E08880DF8,{0}        {0}        {0}        ,{0}        {0}        {0}        
/9A8A9D8747E77254DFC505BDEC2F53D6,{0}        {0}        {0}        ,{0}        {0}        {0}        
/ED3B20C54E162850D3B39A88B6056814,{0}        {0}        {0}        ,{0}        {0}        {0}        
/DF1385D4460CF1ED5C5F8CB9822E4E99,{0} KB/s,{0} KB/秒
/27E4E0D745BF11F781EC79A7C37DEBC7,{0} Packets/s,{0} 数据包/秒
/8B6BFF4844638B2509E16995F09D2131,{0} Roster,{0} 名单
/B014EA814E4FA0124AE2148A0B5095D5,{0} TEAM PREP AREA,{0} 阵营准备区
/DAB00D804578BAD9959375A727CBAEC5,{0} and {1} cannot be combined.,{0} 与 {1}无法组合使用
/0D16D78F43EB8152379E8BADA06D9CC9,{0} did not mount correctly for an unknown reason.,{0} 因为未知原因无法放置
/6980C2944EC78314D75731958971F098,{0} is across a rail that hinges/moves.,{0} 与导轨交错了
/288C2D5743E2D8A33A63139815C92BDC,{0} is being blocked by the weapon's front sight post.,{0} 被武器前准星挡住了
/494D99F3496E9CA3DB3F90B08F1C79EF,{0} is blocking {1}.,{0} 阻挡了 {1}
/42729A5A4F306D6F737FEABB605C80E2,{0} is missing a valid sight setup.,{0} 没有有效的瞄具设置
/2855CD6C446E18398FAA828DA97D8960,{0} is not mounted correctly.,{0} 没有正确的放置
/0861FBDE4C57F554AA050DB879C4C9D3,{0} is overlapping {1}.,{0} 与 {1}重叠了
/40B71A8E43FC1ABBD7FF8E9E9C90C900,{0} is too far back.,{0} 放置的太靠后了
/6756A3E24E3B7429A9F8808CC71D009F,{0} is too far forward.,{0} 放置的太靠前了
/75D8F4764DDC6FF408CF829F09CFAB52,{0} kg,{0} 公斤
/C75FE5094CA8B43EF865D384D8D536D1,{0} must be placed behind a non-magnified optic (holographic or red dot sight).,{0} 需要放置在非光学瞄具前
/13075D594B54C9ABA3A602BBD8E6F49B,{0} must be placed in front of a magnified optic (scope).,{0} 需要放置在光学瞄具前.
/0471871049EC57E1FEBACB850CEBCBF9,{0} x ,{0} x 
/23CD6295447373D77B78CCA0104D8FB7,{0}%,{0}%
/2D07D8E544EF1E115CBCF8ADE93B3365,{0}%,{0}%
/6FEF2915475EA8F1586126A408F524BA,{0}%,{0}%
/72B6F76844D364BD6B2E70A50786DFB7,{0}%,{0}%
/A469F5F942446FE6A6C7DBBE62490066,{0}%,{0}%
/A54545D34AA6E4521A4E02ADB0DEBA64,{0}% Packet Loss,{0}% 丢包率
/D7E487224FF9E8EF68D2DFB1F8935F2B,"{Elevation} {Elevation}|plural(one=degree,other=degrees)","{Elevation} {Elevation}|plural(one=度,other=度)"
/9B13799B498D642A57F6AFA563689207,{FileName} [ModID {ModID}],{FileName} [ModID {ModID}]
/B62A59F6417804E0D1167EB8DF49E8A4,"{HVOV}H
{VFOV}V","{HVOV}度水平
{VFOV}度垂直"
/D9279F9748F5109D0251D6A3B7ECDF69,"{HVOV}H
{VFOV}V","{HVOV}度水平
{VFOV}度垂直"
/15A3040F456CF430EF3E13AEB51E1876,{Hours}:{Minutes},{Hours}:{Minutes}
/B8674F704A6203511B52B7842F4859DE,{Hours}:{Minutes},{Hours}:{Minutes}
/3D79DD7E48AD77A4348421B06397CBEE_Format0,{Hour}:{Minutes},{Hour}:{Minutes}
/BB02C9CF41AFE7C15C8F93AD12A445D8_Format0,{Hour}:{Minutes} {AMPM},{Hour}:{Minutes} {AMPM}
/72CC3B38484F9C0B508D1C9B7DEDB4D2,{Index},{Index}
/FAD4567A4083ED67890951888774272C,{ItemType} / {SkinText},{ItemType} / {SkinText}
/9D59767144361A2419ADF7876B1CDCEF,{Item} x{Count},{Item} x{Count}
/4BF14C0A4FA4883D9FE5128807C05752,"{Lat} {NS}, {Long} {EW}","{Lat} {NS}, {Long} {EW}"
/48DC09874BC5F517DB3965902CE750C0,{MapName},{MapName}
/E6F6E69E4BF2EFF25CB1C7B2926026A0,{MapName},{MapName}
/111C36EF42331DE0AEA28E87B6B5B157,{MilliLux} millilux,{MilliLux} 毫勒克斯
/353D004B44D85A0AD3EA83954F0F617D,{Minutes},{Minutes}
/1DDD7C7147D4FA64286C2E8886207903,{Mission Name} ({FileName}),{Mission Name} ({FileName})
/3F6EB42E4B71226350487AB2742A332C,"{Month} {Day}{Day}|ordinal(one=st,two=nd,few=rd,other=th)","{Month}{Day}{Day}|ordinal(one=日,two=日,few=日,other=日)"
/47C9CB2342B6E6D9E4770980F589E864,"{Month} {Day}{Day}|ordinal(one=st,two=nd,few=rd,other=th)","{Month}{Day}{Day}|ordinal(one=日,two=日,few=日,other=日)"
/A08367A145D2711D9616CC824B78E114,"{Month} {Day}{Day}|ordinal(one=st,two=nd,few=rd,other=th)","{Month}{Day}{Day}|ordinal(one=日,two=日,few=日,other=日)"
/545A1BDD43D059DD28456F917EDAAAAF,{NumOfPlayers}/{MaxPlayers},{NumOfPlayers}/{MaxPlayers}
/D9B6EB2C4A5E8651B2655084AB4E3D63,{NumPlayers} / {MaxPlayers},{NumPlayers} / {MaxPlayers}
/4C9FA95641B5C7144F6C11B16F1C480C,{NumPlayers}/{MaxPlayers},{NumPlayers}/{MaxPlayers}
/87F076824CC7C4840A2147BDBE47C939,{Operation} {Name},{Operation} {Name}
/996EEB4449ECD801637D0382E0A32531,{Operation} {Name},{Operation} {Name}
/F317ED2C4639B80102D30B9A1FB7425F,"{PlacementName} : ""{PatchName}"" by {Author}",{PlacementName} : '{PatchName}' by {Author}
/C710F10047C9E258EB685AAD2C20AD6B,{PlayerName}:,{PlayerName}:
/20A0C59542B03F5A37E3ED9FA3306252,{Role},{Role}
/88301EC540D3209096DAA995091AD470,{Role},{Role}
/05E3FBB446056F81024ECAA5E1B69C91,{ScriptName} [ModID {ModID}],{ScriptName} [ModID {ModID}]
/7674A53740BE76C556FA0895E77E2729,{TeamId} Team,{TeamId}阵营
/81BAACD9456C16242F3A4AA234B21001,{TeamId} Team,{TeamId}阵营
/7A4AFF0B41AFE224746ACB96A330BF0B,{TeamName} TEAM SKIN RESTRICTIONS,{TeamName}阵营涂装限制
/C423FDB7439D408F3C830496FAD9C996,{Text}m,{Text}m
/CE59BFF244E783D58D6C3EBD7B932C28,{Text}m,{Text}m
/542786F14E72587B01CB5DBF762814A9,{TimePreset} [{Time} hrs,{TimePreset} [{Time} 时
/A122994B48EAE36326A649B3F795CF91,{TimePreset} [{Time} hrs ({TimeZone})],{TimePreset} [{Time} 时 ({TimeZone})]
/90EDF70545BA341C89DB2089D7AEA680,{Time} hrs,{Time} 时
/194DDA1341A34177E64B9A8D472A7FB0,{Time} hrs ({TimeZone}),{Time} 时 ({TimeZone})
/3094284244F6BA4262150DB77C879C55,{Value}%,{Value}%
/6EADE1E346D24F845C7F39977F49C34F,{Value}%,{Value}%
/85397F4E4AC248AF89E7108F06EAFBDC,{Value}%,{Value}%
/CA0BA10A46519C6242AA8F9B26718F17,{Value}%,{Value}%
/F66FDF1D4BFE2AA69A02A68CA9E34AFE,{Value}%,{Value}%
/38E2FACF429C3F4F7CC7DDB41BE91D72,{WinningTeam} TEAM AHEAD BY {PointsLead} POINTS,{WinningTeam} 队领先 {PointsLead} 分。
/630070414C8E664305BC41AED90210CA,{WinningTeam} WINS THE ROUND,{WinningTeam}该局获胜
/327405B343E0C73CE8EAB99DDF9CD922_Format0,{XResolution}x{YResolution},{XResolution}x{YResolution}
/9FE043274109EB88E9CE82ABDF52AC1C,{command} {param},{command} {param}
/68F475C145D08442D3E437B6D5B8B318,{stage}{time},{stage}{time}
/691F94CF495343D092DF77BCEE026CD5,·  ATTACKERS can capture through walls (as well as from above or from below) if within range,·  进攻者在距离内即开始占领，无论是否有阻挡（包括上下）。
/AE142E9D44E54EA56A1EC39C6D3D88C7,·  At least 2 ATTACKERS must be in range for a short time to complete a capture,·  至少需要两名进攻方短时间处于范围内才可占领。
/BE7ECE874944DC98075E0589A5D82DFE,·  At least 2 ATTACKERS must be in range to complete a capture,·  至少需要两名进攻方处于范围内才可占领。
/DE81CCFA4C9E831B083BCB874454F058,·  Capture can be prevented if there are at least 2 DEFENDERS in range,·  如有两名防守方在范围内则可避免被占领。
/CEAFFCAD45BCD9F9870D089DEF1D2966,·  Click to place the FLAG (or wait for the timer to end),·  点击放置旗帜（或等待计时器结束）。
/F4CD03004A4CA9A5754866B665968F13,·  DEFENDERS are placing a FLAG that defines the capture area,·  防守方正在放置旗帜来确定占领区。
/6F1AA0C9444C004D130AC2B5EC50EA78,·  Find a more defendable location,·  寻找更易防守的位置。
/44C4043D43477C1FCC44FBBA314ED7A1,·  Fixed focal range causes proximity blur,·  固定对焦范围会导致近处模糊。
/B2E1BA6043C9BB6805CC36AD955437F9,·  Follow the bearing and distance on your WRISTWATCH to locate the FLAG,·  跟随腕表的距离和方位来找到旗帜
/C348344C4C3FE7A1DCD5D6A07C0F7744,·  Keep track of your teammates once in-mission using the TABLET:,·  在任务中通过使用平板来追踪你队友的位置:
/0654AC9A48661658D50BD0967EA1E4A7,·  Prevent captures by keeping at least 2 DEFENDERS in range — your WRISTWATCH will indicate when you are in range,·  保持至少两名防守方在范围内来防止占领 —— 您的腕表会在您处于范围内时提示。
/A55F4CEE475D2D9572015D9802E444CD,·  Prevent the ATTACKERS from capturing the FLAG AREA,·  防止攻击方夺取旗帜区域
/556B028742911BDE8C785589FECB0D9E,·  RED DOT and HOLO sights also work,·  反射或全息瞄具一样有效
/53BD57D34F9FCFA631A55CA190788CD5,·  Reveals infrared (IR) lights and lasers,·  显示红外(IR)，灯光和激光。
/3A44359B48D0F6805F95DA8B9E22B3FA,"·  The FLAG defines the area
 that must be defended","·  旗帜区域
需要防守"
/4EF22ED342B21F5D1110AFAE2DCC15C4,·  The WRISTWATCH will indicate when you are in capture range,·  腕表将在您处于占领范围内时提示
/891F3D12488A55DD56926980459C9673,"·  To aim, use the",·  按键瞄准
/B03B906F485691B13DB2DA8FDD36BEC4,"·  Watch out for ""blind"" captures — ATTACKERS can capture through walls (as well as from above or from below) if within range","·  注意""盲猜""式占领 — 在范围内的进攻方将无视墙壁等遮挡（包括上下）。"
/15A4CA384F3E0088197749B2B2C4C3D3,·  Your WRISTWATCH will provide the distance and bearing to the FLAG once it is placed,·  你的腕表将在旗帜放置后指示其方位和距离.
/7A60F41540BA1119C22C20B1464638EE,–,–
/1CB590AC418072254DAA52A187541257,—,—
/454753024CF150821EABD0AF9616CFBB,—,—
/DA59845F4ED3A8D9F14B90A8D2597D7B,—,—
/E70D49A74D9CCD25A112ED97B27A2DB5,—,—
/DB6193B34793254A1BA35B9A5D98BFD2,›,›
/AFD47F5C4212BB858B77D0895896DA69,› Active players can currently read spectator chat.,› 存活玩家当前可以看到观察者聊天.
/49ED440049121F64209D7EBA3FB188FC,› Active players can/not currently read spectator chat.,› 存活玩家当前可以/不可以看到观察者聊天.
/92109A7649E7A0206FC4609936CE2E43,› Active players cannot currently read spectator chat.,› 存活玩家当前不可以看到观察者聊天.
/CA3C6E0C4245F4CB5461358BCE9A7DB0,› Always make sure that sight combinations align properly.,› 始终保证瞄具安装准确.
/A9198C4449CFC11B6A2B8DB7148D5750,› Spectator voices are NOT heard by active players.,› 观察者语音不会被存活玩家听到.
AdminCommand/Invalid,Not a valid command.,无效的指令.
AdminCommand/Rejected,Player attempted to use admin command with out having any admin privileges.,玩家试图在无权限状态下使用管理员命令.
AdminCommand/SetupFailed,Wrong password.,密码错误.
AdminCommand/Denied,You do not have access to that command.,你无权使用该指令.
Firearm/NativeIronSight,Built-in Iron Sight,原生瞄具
Firearm/MagazineEstimateEmpty,Empty,空了
Firearm/MagazineEstimateFull,Full,完全
Firearm/MagazineEstimatePartial,Partial,部分
Firearm/MagazineExact,{0}/{1} rounds,{0}/{1}发
GameMode/ScheduledShutdown,Server has begun its scheduled shutdown.,服务器将执行计划关闭/重启.
InputKeys/Alt,Alt,Alt
InputKeys/Command,Cmd,Cmd
InputKeys/Control,Ctrl,Ctrl
InputKeys/Shift,Shift,Shift
